slug,nom,categorie,slot,set,rarete,stat_principale,val_principale,stat_secondaire_1,val_secondaire_1,stat_secondaire_2,val_secondaire_2,stats_aleatoires,set_nom,set_pieces,set_bonus,image_url,page_url
arachne-s-melody-belt,Arachne's Melody Belt,Armor,Belt,Grudge of the Spider Nest,SSR,,,,,,,50 Metal Fragment 100% Amount: 30-50,Upgrade Comments Sets Sets Grudge of the Spider Nest,7,3,https://cdn-zeroluck-gg.b-cdn.net/7dso/SevenDeadlySins/Assets/Content/UIImg/Icon_Item/Armor/Belt_Plate_4038.png?class=iconmd,https://zeroluck.gg/7dso/gear/arachne-s-melody-belt/
arachne-s-melody-bottoms,Arachne's Melody Bottoms,Armor,Bottom,Grudge of the Spider Nest,SSR,,,,,,,50 Metal Fragment 100% Amount: 30-50,Upgrade Comments Sets Sets Grudge of the Spider Nest,7,3,https://cdn-zeroluck-gg.b-cdn.net/7dso/SevenDeadlySins/Assets/Content/UIImg/Icon_Item/Armor/Bottom_Plate_4038.png?class=iconmd,https://zeroluck.gg/7dso/gear/arachne-s-melody-bottoms/
arachne-s-melody-combat-boots,Arachne's Melody Combat Boots,Armor,Shoes,Grudge of the Spider Nest,SSR,,,,,,,50 Metal Fragment 100% Amount: 30-50,Upgrade Comments Sets Sets Grudge of the Spider Nest,7,3,https://cdn-zeroluck-gg.b-cdn.net/7dso/SevenDeadlySins/Assets/Content/UIImg/Icon_Item/Armor/Shoes_Plate_4038.png?class=iconmd,https://zeroluck.gg/7dso/gear/arachne-s-melody-combat-boots/
arachne-s-melody-earrings,Arachne's Melody Earrings,Accessory,Earring,Grudge of the Spider Nest,SSR,,,,,,,50 Accessory Fragment 100% Amount: 30-50,Sets Sets Grudge of the Spider Nest,7,3,https://cdn-zeroluck-gg.b-cdn.net/7dso/SevenDeadlySins/Assets/Content/UIImg/Icon_Item/Acc/Earring_Default_4020.png?class=iconmd,https://zeroluck.gg/7dso/gear/arachne-s-melody-earrings/
arachne-s-melody-necklace,Arachne's Melody Necklace,Accessory,Necklace,Grudge of the Spider Nest,SSR,,,,,,,50 Accessory Fragment 100% Amount: 30-50,Sets Sets Grudge of the Spider Nest,7,3,https://cdn-zeroluck-gg.b-cdn.net/7dso/SevenDeadlySins/Assets/Content/UIImg/Icon_Item/Acc/Necklace_Default_4020.png?class=iconmd,https://zeroluck.gg/7dso/gear/arachne-s-melody-necklace/
arachne-s-melody-ring,Arachne's Melody Ring,Accessory,Ring,Grudge of the Spider Nest,SSR,,,,,,,50 Accessory Fragment 100% Amount: 30-50,Sets Sets Grudge of the Spider Nest,7,3,https://cdn-zeroluck-gg.b-cdn.net/7dso/SevenDeadlySins/Assets/Content/UIImg/Icon_Item/Acc/Ring_Default_4020.png?class=iconmd,https://zeroluck.gg/7dso/gear/arachne-s-melody-ring/
arachne-s-melody-top,Arachne's Melody Top,Armor,Chest,Grudge of the Spider Nest,SSR,,,,,,,50 Metal Fragment 100% Amount: 30-50,Upgrade Comments Sets Sets Grudge of the Spider Nest,7,3,https://cdn-zeroluck-gg.b-cdn.net/7dso/SevenDeadlySins/Assets/Content/UIImg/Icon_Item/Armor/Top_Plate_4038.png?class=iconmd,https://zeroluck.gg/7dso/gear/arachne-s-melody-top/
bloody-scale-belt,Bloody Scale Belt,Armor,Belt,,SSR,,,,,,,50 Metal Fragment 100% Amount: 30-50,,,,https://cdn-zeroluck-gg.b-cdn.net/7dso/SevenDeadlySins/Assets/Content/UIImg/Icon_Item/Armor/Belt_Leather_5001.png?class=iconmd,https://zeroluck.gg/7dso/gear/bloody-scale-belt/
corrupted-watcher-s-earrings,Corrupted Watcher's Earrings,Accessory,Earring,Edge of the Void,SSR,,,,,,,50 Accessory Fragment 100% Amount: 30-50,Sets Sets Edge of the Void,3,2,https://cdn-zeroluck-gg.b-cdn.net/7dso/SevenDeadlySins/Assets/Content/UIImg/Icon_Item/Acc/Earring_Default_4006.png?class=iconmd,https://zeroluck.gg/7dso/gear/corrupted-watcher-s-earrings/
corrupted-watcher-s-necklace,Corrupted Watcher's Necklace,Accessory,Necklace,Edge of the Void,SSR,,,,,,,50 Accessory Fragment 100% Amount: 30-50,Sets Sets Edge of the Void,3,2,https://cdn-zeroluck-gg.b-cdn.net/7dso/SevenDeadlySins/Assets/Content/UIImg/Icon_Item/Acc/Necklace_Default_4006.png?class=iconmd,https://zeroluck.gg/7dso/gear/corrupted-watcher-s-necklace/
crimson-flame-oath-ring,Crimson Flame Oath Ring,Accessory,Ring,,SSR,,,,,,,50 Accessory Fragment 100% Amount: 30-50,,,,https://cdn-zeroluck-gg.b-cdn.net/7dso/SevenDeadlySins/Assets/Content/UIImg/Icon_Item/Acc/Ring_Default_5001.png?class=iconmd,https://zeroluck.gg/7dso/gear/crimson-flame-oath-ring/
dark-chaos-earrings,Dark Chaos Earrings,Accessory,Earring,,SSR,,,,,,,50 Accessory Fragment 100% Amount: 30-50,,,,https://cdn-zeroluck-gg.b-cdn.net/7dso/SevenDeadlySins/Assets/Content/UIImg/Icon_Item/Acc/Earring_Default_5001.png?class=iconmd,https://zeroluck.gg/7dso/gear/dark-chaos-earrings/
immortal-watcher-belt,Immortal Watcher Belt,Armor,Belt,The Watcher,SSR,,,,,,,50 Metal Fragment 100% Amount: 30-50,Upgrade Comments Sets Sets The Watcher,4,2,https://cdn-zeroluck-gg.b-cdn.net/7dso/SevenDeadlySins/Assets/Content/UIImg/Icon_Item/Armor/Belt_Cloth_4018.png?class=iconmd,https://zeroluck.gg/7dso/gear/immortal-watcher-belt/
immortal-watcher-bottoms,Immortal Watcher Bottoms,Armor,Bottom,The Watcher,SSR,,,,,,,50 Metal Fragment 100% Amount: 30-50,Upgrade Comments Sets Sets The Watcher,4,2,https://cdn-zeroluck-gg.b-cdn.net/7dso/SevenDeadlySins/Assets/Content/UIImg/Icon_Item/Armor/Bottom_Cloth_4018.png?class=iconmd,https://zeroluck.gg/7dso/gear/immortal-watcher-bottoms/
immortal-watcher-combat-boots,Immortal Watcher Combat Boots,Armor,Shoes,The Watcher,SSR,,,,,,,50 Metal Fragment 100% Amount: 30-50,Upgrade Comments Sets Sets The Watcher,4,2,https://cdn-zeroluck-gg.b-cdn.net/7dso/SevenDeadlySins/Assets/Content/UIImg/Icon_Item/Armor/Shoes_Cloth_4018.png?class=iconmd,https://zeroluck.gg/7dso/gear/immortal-watcher-combat-boots/
immortal-watcher-top,Immortal Watcher Top,Armor,Chest,The Watcher,SSR,,,,,,,50 Metal Fragment 100% Amount: 30-50,Upgrade Comments Sets Sets The Watcher,4,2,https://cdn-zeroluck-gg.b-cdn.net/7dso/SevenDeadlySins/Assets/Content/UIImg/Icon_Item/Armor/Top_Cloth_4018.png?class=iconmd,https://zeroluck.gg/7dso/gear/immortal-watcher-top/
jet-black-crystal-belt,Jet-black Crystal Belt,Armor,Belt,Deadly Fragment,SSR,,,,,,,50 Metal Fragment 100% Amount: 30-50,Upgrade Comments Sets Sets Deadly Fragment,4,2,https://cdn-zeroluck-gg.b-cdn.net/7dso/SevenDeadlySins/Assets/Content/UIImg/Icon_Item/Armor/Belt_Plate_4036.png?class=iconmd,https://zeroluck.gg/7dso/gear/jet-black-crystal-belt/
jet-black-crystal-bottoms,Jet-black Crystal Bottoms,Armor,Bottom,Deadly Fragment,SSR,,,,,,,50 Metal Fragment 100% Amount: 30-50,Upgrade Comments Sets Sets Deadly Fragment,4,2,https://cdn-zeroluck-gg.b-cdn.net/7dso/SevenDeadlySins/Assets/Content/UIImg/Icon_Item/Armor/Bottom_Plate_4036.png?class=iconmd,https://zeroluck.gg/7dso/gear/jet-black-crystal-bottoms/
jet-black-crystal-combat-boots,Jet-black Crystal Combat Boots,Armor,Shoes,Deadly Fragment,SSR,,,,,,,50 Metal Fragment 100% Amount: 30-50,Upgrade Comments Sets Sets Deadly Fragment,4,2,https://cdn-zeroluck-gg.b-cdn.net/7dso/SevenDeadlySins/Assets/Content/UIImg/Icon_Item/Armor/Shoes_Plate_4036.png?class=iconmd,https://zeroluck.gg/7dso/gear/jet-black-crystal-combat-boots/
jet-black-crystal-top,Jet-black Crystal Top,Armor,Chest,Deadly Fragment,SSR,,,,,,,50 Metal Fragment 100% Amount: 30-50,Upgrade Comments Sets Sets Deadly Fragment,4,2,https://cdn-zeroluck-gg.b-cdn.net/7dso/SevenDeadlySins/Assets/Content/UIImg/Icon_Item/Armor/Top_Plate_4036.png?class=iconmd,https://zeroluck.gg/7dso/gear/jet-black-crystal-top/
life-crystal-belt,Life Crystal Belt,Armor,Belt,Cries of Souls,SSR,,,,,,,50 Metal Fragment 100% Amount: 30-50,Upgrade Comments Sets Sets Cries of Souls,7,2,https://cdn-zeroluck-gg.b-cdn.net/7dso/SevenDeadlySins/Assets/Content/UIImg/Icon_Item/Armor/Belt_Plate_4039.png?class=iconmd,https://zeroluck.gg/7dso/gear/life-crystal-belt/
life-crystal-bottoms,Life Crystal Bottoms,Armor,Bottom,Cries of Souls,SSR,,,,,,,50 Metal Fragment 100% Amount: 30-50,Upgrade Comments Sets Sets Cries of Souls,7,2,https://cdn-zeroluck-gg.b-cdn.net/7dso/SevenDeadlySins/Assets/Content/UIImg/Icon_Item/Armor/Bottom_Plate_4039.png?class=iconmd,https://zeroluck.gg/7dso/gear/life-crystal-bottoms/
life-crystal-combat-boots,Life Crystal Combat Boots,Armor,Shoes,Cries of Souls,SSR,,,,,,,50 Metal Fragment 100% Amount: 30-50,Upgrade Comments Sets Sets Cries of Souls,7,2,https://cdn-zeroluck-gg.b-cdn.net/7dso/SevenDeadlySins/Assets/Content/UIImg/Icon_Item/Armor/Shoes_Plate_4039.png?class=iconmd,https://zeroluck.gg/7dso/gear/life-crystal-combat-boots/
life-crystal-earrings,Life Crystal Earrings,Accessory,Earring,Cries of Souls,SSR,,,,,,,50 Accessory Fragment 100% Amount: 30-50,Sets Sets Cries of Souls,7,2,https://cdn-zeroluck-gg.b-cdn.net/7dso/SevenDeadlySins/Assets/Content/UIImg/Icon_Item/Acc/Earring_Default_4021.png?class=iconmd,https://zeroluck.gg/7dso/gear/life-crystal-earrings/
life-crystal-necklace,Life Crystal Necklace,Accessory,Necklace,Cries of Souls,SSR,,,,,,,50 Accessory Fragment 100% Amount: 30-50,Sets Sets Cries of Souls,7,2,https://cdn-zeroluck-gg.b-cdn.net/7dso/SevenDeadlySins/Assets/Content/UIImg/Icon_Item/Acc/Necklace_Default_4021.png?class=iconmd,https://zeroluck.gg/7dso/gear/life-crystal-necklace/
life-crystal-ring,Life Crystal Ring,Accessory,Ring,Cries of Souls,SSR,,,,,,,50 Accessory Fragment 100% Amount: 30-50,Sets Sets Cries of Souls,7,2,https://cdn-zeroluck-gg.b-cdn.net/7dso/SevenDeadlySins/Assets/Content/UIImg/Icon_Item/Acc/Ring_Default_4021.png?class=iconmd,https://zeroluck.gg/7dso/gear/life-crystal-ring/
life-crystal-top,Life Crystal Top,Armor,Chest,Cries of Souls,SSR,,,,,,,50 Metal Fragment 100% Amount: 30-50,Upgrade Comments Sets Sets Cries of Souls,7,2,https://cdn-zeroluck-gg.b-cdn.net/7dso/SevenDeadlySins/Assets/Content/UIImg/Icon_Item/Armor/Top_Plate_4039.png?class=iconmd,https://zeroluck.gg/7dso/gear/life-crystal-top/
revived-nightmare-belt,Revived Nightmare Belt,Armor,Belt,,SSR,,,,,,,50 Metal Fragment 100% Amount: 30-50,,,,https://cdn-zeroluck-gg.b-cdn.net/7dso/SevenDeadlySins/Assets/Content/UIImg/Icon_Item/Armor/Belt_Leather_4028.png?class=iconmd,https://zeroluck.gg/7dso/gear/revived-nightmare-belt/
revived-nightmare-bottoms,Revived Nightmare Bottoms,Armor,Bottom,,SSR,,,,,,,50 Metal Fragment 100% Amount: 30-50,,,,https://cdn-zeroluck-gg.b-cdn.net/7dso/SevenDeadlySins/Assets/Content/UIImg/Icon_Item/Armor/Bottom_Leather_4028.png?class=iconmd,https://zeroluck.gg/7dso/gear/revived-nightmare-bottoms/
revived-nightmare-combat-boots,Revived Nightmare Combat Boots,Armor,Shoes,,SSR,,,,,,,50 Metal Fragment 100% Amount: 30-50,,,,https://cdn-zeroluck-gg.b-cdn.net/7dso/SevenDeadlySins/Assets/Content/UIImg/Icon_Item/Armor/Shoes_Leather_4028.png?class=iconmd,https://zeroluck.gg/7dso/gear/revived-nightmare-combat-boots/
revived-nightmare-top,Revived Nightmare Top,Armor,Chest,,SSR,,,,,,,50 Metal Fragment 100% Amount: 30-50,,,,https://cdn-zeroluck-gg.b-cdn.net/7dso/SevenDeadlySins/Assets/Content/UIImg/Icon_Item/Armor/Top_Leather_4028.png?class=iconmd,https://zeroluck.gg/7dso/gear/revived-nightmare-top/
shadowstorm-craftwork-necklace,Shadowstorm Craftwork Necklace,Accessory,Necklace,,SSR,,,,,,,50 Accessory Fragment 100% Amount: 30-50,,,,https://cdn-zeroluck-gg.b-cdn.net/7dso/SevenDeadlySins/Assets/Content/UIImg/Icon_Item/Acc/Necklace_Default_5001.png?class=iconmd,https://zeroluck.gg/7dso/gear/shadowstorm-craftwork-necklace/
silent-watcher-bottoms,Silent Watcher Bottoms,Armor,Bottom,,SSR,,,,,,,50 Metal Fragment 100% Amount: 30-50,,,,https://cdn-zeroluck-gg.b-cdn.net/7dso/SevenDeadlySins/Assets/Content/UIImg/Icon_Item/Armor/Bottom_Plate_5001.png?class=iconmd,https://zeroluck.gg/7dso/gear/silent-watcher-bottoms/
star-guardian-belt,Star Guardian Belt,Armor,Belt,,SSR,,,,,,,50 Metal Fragment 100% Amount: 30-50,,,,https://cdn-zeroluck-gg.b-cdn.net/7dso/SevenDeadlySins/Assets/Content/UIImg/Icon_Item/Armor/Belt_Plate_4022.png?class=iconmd,https://zeroluck.gg/7dso/gear/star-guardian-belt/
star-guardian-bottoms,Star Guardian Bottoms,Armor,Bottom,,SSR,,,,,,,50 Metal Fragment 100% Amount: 30-50,,,,https://cdn-zeroluck-gg.b-cdn.net/7dso/SevenDeadlySins/Assets/Content/UIImg/Icon_Item/Armor/Bottom_Plate_4022.png?class=iconmd,https://zeroluck.gg/7dso/gear/star-guardian-bottoms/
star-guardian-combat-boots,Star Guardian Combat Boots,Armor,Shoes,,SSR,,,,,,,50 Metal Fragment 100% Amount: 30-50,,,,https://cdn-zeroluck-gg.b-cdn.net/7dso/SevenDeadlySins/Assets/Content/UIImg/Icon_Item/Armor/Shoes_Plate_4022.png?class=iconmd,https://zeroluck.gg/7dso/gear/star-guardian-combat-boots/
star-guardian-top,Star Guardian Top,Armor,Chest,,SSR,,,,,,,50 Metal Fragment 100% Amount: 30-50,,,,https://cdn-zeroluck-gg.b-cdn.net/7dso/SevenDeadlySins/Assets/Content/UIImg/Icon_Item/Armor/Top_Plate_4022.png?class=iconmd,https://zeroluck.gg/7dso/gear/star-guardian-top/
twisted-might-bottoms,Twisted Might Bottoms,Armor,Bottom,,SSR,,,,,,,50 Metal Fragment 100% Amount: 30-50,,,,https://cdn-zeroluck-gg.b-cdn.net/7dso/SevenDeadlySins/Assets/Content/UIImg/Icon_Item/Armor/Bottom_Leather_5001.png?class=iconmd,https://zeroluck.gg/7dso/gear/twisted-might-bottoms/
twisted-thought-earrings,Twisted Thought Earrings,Accessory,Earring,Lavender Shadow,SSR,,,,,,,50 Accessory Fragment 100% Amount: 30-50,Sets Sets Lavender Shadow,3,3,https://cdn-zeroluck-gg.b-cdn.net/7dso/SevenDeadlySins/Assets/Content/UIImg/Icon_Item/Acc/Earring_Default_4018.png?class=iconmd,https://zeroluck.gg/7dso/gear/twisted-thought-earrings/
twisted-thought-necklace,Twisted Thought Necklace,Accessory,Necklace,Lavender Shadow,SSR,,,,,,,50 Accessory Fragment 100% Amount: 30-50,Sets Sets Lavender Shadow,3,3,https://cdn-zeroluck-gg.b-cdn.net/7dso/SevenDeadlySins/Assets/Content/UIImg/Icon_Item/Acc/Necklace_Default_4018.png?class=iconmd,https://zeroluck.gg/7dso/gear/twisted-thought-necklace/
twisted-thought-ring,Twisted Thought Ring,Accessory,Ring,Lavender Shadow,SSR,,,,,,,50 Accessory Fragment 100% Amount: 30-50,Sets Sets Lavender Shadow,3,3,https://cdn-zeroluck-gg.b-cdn.net/7dso/SevenDeadlySins/Assets/Content/UIImg/Icon_Item/Acc/Ring_Default_4018.png?class=iconmd,https://zeroluck.gg/7dso/gear/twisted-thought-ring/
tyrant-dragon-s-black-heart-top,Tyrant Dragon's Black Heart Top,Armor,Chest,,SSR,,,,,,,50 Metal Fragment 100% Amount: 30-50,,,,https://cdn-zeroluck-gg.b-cdn.net/7dso/SevenDeadlySins/Assets/Content/UIImg/Icon_Item/Armor/Top_Plate_5001.png?class=iconmd,https://zeroluck.gg/7dso/gear/tyrant-dragon-s-black-heart-top/
venom-spindle-combat-boots,Venom Spindle Combat Boots,Armor,Shoes,,SSR,,,,,,,50 Metal Fragment 100% Amount: 30-50,,,,https://cdn-zeroluck-gg.b-cdn.net/7dso/SevenDeadlySins/Assets/Content/UIImg/Icon_Item/Armor/Shoes_Cloth_5001.png?class=iconmd,https://zeroluck.gg/7dso/gear/venom-spindle-combat-boots/
fiery-essence-belt-finest,Fiery Essence Belt (Finest),Armor,Belt,Burning Heart,SR,,,,,,,20 Metal Fragment 100% Amount: 12-20,Upgrade Comments Sets Sets Burning Heart,4,3,https://cdn-zeroluck-gg.b-cdn.net/7dso/SevenDeadlySins/Assets/Content/UIImg/Icon_Item/Armor/Belt_Leather_3006.png?class=iconmd,https://zeroluck.gg/7dso/gear/fiery-essence-belt-finest/
fiery-essence-bottoms-finest,Fiery Essence Bottoms (Finest),Armor,Bottom,Burning Heart,SR,,,,,,,20 Metal Fragment 100% Amount: 12-20,Upgrade Comments Sets Sets Burning Heart,4,3,https://cdn-zeroluck-gg.b-cdn.net/7dso/SevenDeadlySins/Assets/Content/UIImg/Icon_Item/Armor/Bottom_Leather_3006.png?class=iconmd,https://zeroluck.gg/7dso/gear/fiery-essence-bottoms-finest/
fiery-essence-combat-boots-finest,Fiery Essence Combat Boots (Finest),Armor,Shoes,Burning Heart,SR,,,,,,,20 Metal Fragment 100% Amount: 12-20,Upgrade Comments Sets Sets Burning Heart,4,3,https://cdn-zeroluck-gg.b-cdn.net/7dso/SevenDeadlySins/Assets/Content/UIImg/Icon_Item/Armor/Shoes_Leather_3006.png?class=iconmd,https://zeroluck.gg/7dso/gear/fiery-essence-combat-boots-finest/
fiery-essence-top-finest,Fiery Essence Top (Finest),Armor,Chest,Burning Heart,SR,,,,,,,20 Metal Fragment 100% Amount: 12-20,Upgrade Comments Sets Sets Burning Heart,4,3,https://cdn-zeroluck-gg.b-cdn.net/7dso/SevenDeadlySins/Assets/Content/UIImg/Icon_Item/Armor/Top_Leather_3006.png?class=iconmd,https://zeroluck.gg/7dso/gear/fiery-essence-top-finest/
gentle-breeze-earrings-finest,Gentle Breeze Earrings (Finest),Accessory,Earring,Scattered Petals,SR,,,,,,,20 Accessory Fragment 100% Amount: 12-20,Sets Sets Scattered Petals,3,3,https://cdn-zeroluck-gg.b-cdn.net/7dso/SevenDeadlySins/Assets/Content/UIImg/Icon_Item/Acc/Earring_Default_3010.png?class=iconmd,https://zeroluck.gg/7dso/gear/gentle-breeze-earrings-finest/
gentle-breeze-necklace-finest,Gentle Breeze Necklace (Finest),Accessory,Necklace,Scattered Petals,SR,,,,,,,20 Accessory Fragment 100% Amount: 12-20,Sets Sets Scattered Petals,3,3,https://cdn-zeroluck-gg.b-cdn.net/7dso/SevenDeadlySins/Assets/Content/UIImg/Icon_Item/Acc/Necklace_Default_3010.png?class=iconmd,https://zeroluck.gg/7dso/gear/gentle-breeze-necklace-finest/
gentle-breeze-ring-finest,Gentle Breeze Ring (Finest),Accessory,Ring,Scattered Petals,SR,,,,,,,20 Accessory Fragment 100% Amount: 12-20,Sets Sets Scattered Petals,3,3,https://cdn-zeroluck-gg.b-cdn.net/7dso/SevenDeadlySins/Assets/Content/UIImg/Icon_Item/Acc/Ring_Default_3010.png?class=iconmd,https://zeroluck.gg/7dso/gear/gentle-breeze-ring-finest/
mad-miner-belt,Mad Miner Belt,Armor,Belt,Remnants of the Abandoned Mine,SR,,,,,,,20 Metal Fragment 100% Amount: 12-20,Upgrade Comments Sets Sets Remnants of the Abandoned Mine,7,2,https://cdn-zeroluck-gg.b-cdn.net/7dso/SevenDeadlySins/Assets/Content/UIImg/Icon_Item/Armor/Belt_Plate_4037.png?class=iconmd,https://zeroluck.gg/7dso/gear/mad-miner-belt/
mad-miner-bottoms,Mad Miner Bottoms,Armor,Bottom,Remnants of the Abandoned Mine,SR,,,,,,,20 Metal Fragment 100% Amount: 12-20,Upgrade Comments Sets Sets Remnants of the Abandoned Mine,7,2,https://cdn-zeroluck-gg.b-cdn.net/7dso/SevenDeadlySins/Assets/Content/UIImg/Icon_Item/Armor/Bottom_Plate_4037.png?class=iconmd,https://zeroluck.gg/7dso/gear/mad-miner-bottoms/
mad-miner-combat-boots,Mad Miner Combat Boots,Armor,Shoes,Remnants of the Abandoned Mine,SR,,,,,,,20 Metal Fragment 100% Amount: 12-20,Upgrade Comments Sets Sets Remnants of the Abandoned Mine,7,2,https://cdn-zeroluck-gg.b-cdn.net/7dso/SevenDeadlySins/Assets/Content/UIImg/Icon_Item/Armor/Shoes_Plate_4037.png?class=iconmd,https://zeroluck.gg/7dso/gear/mad-miner-combat-boots/
mad-miner-earrings,Mad Miner Earrings,Accessory,Earring,Remnants of the Abandoned Mine,SR,,,,,,,20 Accessory Fragment 100% Amount: 12-20,Sets Sets Remnants of the Abandoned Mine,7,2,https://cdn-zeroluck-gg.b-cdn.net/7dso/SevenDeadlySins/Assets/Content/UIImg/Icon_Item/Acc/Earring_Default_4019.png?class=iconmd,https://zeroluck.gg/7dso/gear/mad-miner-earrings/
mad-miner-necklace,Mad Miner Necklace,Accessory,Necklace,Remnants of the Abandoned Mine,SR,,,,,,,20 Accessory Fragment 100% Amount: 12-20,Sets Sets Remnants of the Abandoned Mine,7,2,https://cdn-zeroluck-gg.b-cdn.net/7dso/SevenDeadlySins/Assets/Content/UIImg/Icon_Item/Acc/Necklace_Default_4019.png?class=iconmd,https://zeroluck.gg/7dso/gear/mad-miner-necklace/
mad-miner-ring,Mad Miner Ring,Accessory,Ring,Remnants of the Abandoned Mine,SR,,,,,,,20 Accessory Fragment 100% Amount: 12-20,Sets Sets Remnants of the Abandoned Mine,7,2,https://cdn-zeroluck-gg.b-cdn.net/7dso/SevenDeadlySins/Assets/Content/UIImg/Icon_Item/Acc/Ring_Default_4019.png?class=iconmd,https://zeroluck.gg/7dso/gear/mad-miner-ring/
mad-miner-top,Mad Miner Top,Armor,Chest,Remnants of the Abandoned Mine,SR,,,,,,,20 Metal Fragment 100% Amount: 12-20,Upgrade Comments Sets Sets Remnants of the Abandoned Mine,7,2,https://cdn-zeroluck-gg.b-cdn.net/7dso/SevenDeadlySins/Assets/Content/UIImg/Icon_Item/Armor/Top_Plate_4037.png?class=iconmd,https://zeroluck.gg/7dso/gear/mad-miner-top/
noble-hero-s-belt-finest,Noble Hero's Belt (Finest),Armor,Belt,,SR,,,,,,,20 Metal Fragment 100% Amount: 12-20,,,,https://cdn-zeroluck-gg.b-cdn.net/7dso/SevenDeadlySins/Assets/Content/UIImg/Icon_Item/Armor/Belt_Cloth_3020.png?class=iconmd,https://zeroluck.gg/7dso/gear/noble-hero-s-belt-finest/
noble-hero-s-bottoms-finest,Noble Hero's Bottoms (Finest),Armor,Bottom,,SR,,,,,,,20 Metal Fragment 100% Amount: 12-20,,,,https://cdn-zeroluck-gg.b-cdn.net/7dso/SevenDeadlySins/Assets/Content/UIImg/Icon_Item/Armor/Bottom_Cloth_3020.png?class=iconmd,https://zeroluck.gg/7dso/gear/noble-hero-s-bottoms-finest/
noble-hero-s-combat-boots-finest,Noble Hero's Combat Boots (Finest),Armor,Shoes,,SR,,,,,,,20 Metal Fragment 100% Amount: 12-20,,,,https://cdn-zeroluck-gg.b-cdn.net/7dso/SevenDeadlySins/Assets/Content/UIImg/Icon_Item/Armor/Shoes_Cloth_3020.png?class=iconmd,https://zeroluck.gg/7dso/gear/noble-hero-s-combat-boots-finest/
noble-hero-s-earrings-finest,Noble Hero's Earrings (Finest),Accessory,Earring,,SR,,,,,,,20 Accessory Fragment 100% Amount: 12-20,,,,https://cdn-zeroluck-gg.b-cdn.net/7dso/SevenDeadlySins/Assets/Content/UIImg/Icon_Item/Acc/Earring_Default_3019.png?class=iconmd,https://zeroluck.gg/7dso/gear/noble-hero-s-earrings-finest/
noble-hero-s-necklace-finest,Noble Hero's Necklace (Finest),Accessory,Necklace,,SR,,,,,,,20 Accessory Fragment 100% Amount: 12-20,,,,https://cdn-zeroluck-gg.b-cdn.net/7dso/SevenDeadlySins/Assets/Content/UIImg/Icon_Item/Acc/Necklace_Default_3019.png?class=iconmd,https://zeroluck.gg/7dso/gear/noble-hero-s-necklace-finest/
noble-hero-s-ring-finest,Noble Hero's Ring (Finest),Accessory,Ring,,SR,,,,,,,20 Accessory Fragment 100% Amount: 12-20,,,,https://cdn-zeroluck-gg.b-cdn.net/7dso/SevenDeadlySins/Assets/Content/UIImg/Icon_Item/Acc/Ring_Default_3019.png?class=iconmd,https://zeroluck.gg/7dso/gear/noble-hero-s-ring-finest/
noble-hero-s-top-finest,Noble Hero's Top (Finest),Armor,Chest,,SR,,,,,,,20 Metal Fragment 100% Amount: 12-20,,,,https://cdn-zeroluck-gg.b-cdn.net/7dso/SevenDeadlySins/Assets/Content/UIImg/Icon_Item/Armor/Top_Cloth_3020.png?class=iconmd,https://zeroluck.gg/7dso/gear/noble-hero-s-top-finest/
ruler-of-the-ocean-belt,Ruler of the Ocean Belt,Armor,Belt,Sharp Fragment,SR,,,,,,,20 Metal Fragment 100% Amount: 12-20,Upgrade Comments Sets Sets Sharp Fragment,4,2,https://cdn-zeroluck-gg.b-cdn.net/7dso/SevenDeadlySins/Assets/Content/UIImg/Icon_Item/Armor/Belt_Leather_4012.png?class=iconmd,https://zeroluck.gg/7dso/gear/ruler-of-the-ocean-belt/
ruler-of-the-ocean-bottoms,Ruler of the Ocean Bottoms,Armor,Bottom,Sharp Fragment,SR,,,,,,,20 Metal Fragment 100% Amount: 12-20,Upgrade Comments Sets Sets Sharp Fragment,4,2,https://cdn-zeroluck-gg.b-cdn.net/7dso/SevenDeadlySins/Assets/Content/UIImg/Icon_Item/Armor/Bottom_Leather_4012.png?class=iconmd,https://zeroluck.gg/7dso/gear/ruler-of-the-ocean-bottoms/
ruler-of-the-ocean-combat-boots,Ruler of the Ocean Combat Boots,Armor,Shoes,Sharp Fragment,SR,,,,,,,20 Metal Fragment 100% Amount: 12-20,Upgrade Comments Sets Sets Sharp Fragment,4,2,https://cdn-zeroluck-gg.b-cdn.net/7dso/SevenDeadlySins/Assets/Content/UIImg/Icon_Item/Armor/Shoes_Leather_4012.png?class=iconmd,https://zeroluck.gg/7dso/gear/ruler-of-the-ocean-combat-boots/
ruler-of-the-ocean-top,Ruler of the Ocean Top,Armor,Chest,Sharp Fragment,SR,,,,,,,20 Metal Fragment 100% Amount: 12-20,Upgrade Comments Sets Sets Sharp Fragment,4,2,https://cdn-zeroluck-gg.b-cdn.net/7dso/SevenDeadlySins/Assets/Content/UIImg/Icon_Item/Armor/Top_Leather_4012.png?class=iconmd,https://zeroluck.gg/7dso/gear/ruler-of-the-ocean-top/
scorching-gust-belt-finest,Scorching Gust Belt (Finest),Armor,Belt,Quaking Horizon,SR,,,,,,,20 Metal Fragment 100% Amount: 12-20,Upgrade Comments Sets Sets Quaking Horizon,7,3,https://cdn-zeroluck-gg.b-cdn.net/7dso/SevenDeadlySins/Assets/Content/UIImg/Icon_Item/Armor/Belt_Leather_3017.png?class=iconmd,https://zeroluck.gg/7dso/gear/scorching-gust-belt-finest/
scorching-gust-bottoms-finest,Scorching Gust Bottoms (Finest),Armor,Bottom,Quaking Horizon,SR,,,,,,,20 Metal Fragment 100% Amount: 12-20,Upgrade Comments Sets Sets Quaking Horizon,7,3,https://cdn-zeroluck-gg.b-cdn.net/7dso/SevenDeadlySins/Assets/Content/UIImg/Icon_Item/Armor/Bottom_Leather_3017.png?class=iconmd,https://zeroluck.gg/7dso/gear/scorching-gust-bottoms-finest/
scorching-gust-combat-boots-finest,Scorching Gust Combat Boots (Finest),Armor,Shoes,Quaking Horizon,SR,,,,,,,20 Metal Fragment 100% Amount: 12-20,Upgrade Comments Sets Sets Quaking Horizon,7,3,https://cdn-zeroluck-gg.b-cdn.net/7dso/SevenDeadlySins/Assets/Content/UIImg/Icon_Item/Armor/Shoes_Leather_3017.png?class=iconmd,https://zeroluck.gg/7dso/gear/scorching-gust-combat-boots-finest/
scorching-gust-earrings-finest,Scorching Gust Earrings (Finest),Accessory,Earring,Quaking Horizon,SR,,,,,,,20 Accessory Fragment 100% Amount: 12-20,Sets Sets Quaking Horizon,7,3,https://cdn-zeroluck-gg.b-cdn.net/7dso/SevenDeadlySins/Assets/Content/UIImg/Icon_Item/Acc/Earring_Default_3016.png?class=iconmd,https://zeroluck.gg/7dso/gear/scorching-gust-earrings-finest/
scorching-gust-necklace-finest,Scorching Gust Necklace (Finest),Accessory,Necklace,Quaking Horizon,SR,,,,,,,20 Accessory Fragment 100% Amount: 12-20,Sets Sets Quaking Horizon,7,3,https://cdn-zeroluck-gg.b-cdn.net/7dso/SevenDeadlySins/Assets/Content/UIImg/Icon_Item/Acc/Necklace_Default_3016.png?class=iconmd,https://zeroluck.gg/7dso/gear/scorching-gust-necklace-finest/
scorching-gust-ring-finest,Scorching Gust Ring (Finest),Accessory,Ring,Quaking Horizon,SR,,,,,,,20 Accessory Fragment 100% Amount: 12-20,Sets Sets Quaking Horizon,7,3,https://cdn-zeroluck-gg.b-cdn.net/7dso/SevenDeadlySins/Assets/Content/UIImg/Icon_Item/Acc/Ring_Default_3016.png?class=iconmd,https://zeroluck.gg/7dso/gear/scorching-gust-ring-finest/
scorching-gust-top-finest,Scorching Gust Top (Finest),Armor,Chest,Quaking Horizon,SR,,,,,,,20 Metal Fragment 100% Amount: 12-20,Upgrade Comments Sets Sets Quaking Horizon,7,3,https://cdn-zeroluck-gg.b-cdn.net/7dso/SevenDeadlySins/Assets/Content/UIImg/Icon_Item/Armor/Top_Leather_3017.png?class=iconmd,https://zeroluck.gg/7dso/gear/scorching-gust-top-finest/
thunderous-belt-finest,Thunderous Belt (Finest),Armor,Belt,Blinding Flash,SR,,,,,,,20 Metal Fragment 100% Amount: 12-20,Upgrade Comments Sets Sets Blinding Flash,4,3,https://cdn-zeroluck-gg.b-cdn.net/7dso/SevenDeadlySins/Assets/Content/UIImg/Icon_Item/Armor/Belt_Plate_3014.png?class=iconmd,https://zeroluck.gg/7dso/gear/thunderous-belt-finest/
thunderous-bottoms-finest,Thunderous Bottoms (Finest),Armor,Bottom,Blinding Flash,SR,,,,,,,20 Metal Fragment 100% Amount: 12-20,Upgrade Comments Sets Sets Blinding Flash,4,3,https://cdn-zeroluck-gg.b-cdn.net/7dso/SevenDeadlySins/Assets/Content/UIImg/Icon_Item/Armor/Bottom_Plate_3014.png?class=iconmd,https://zeroluck.gg/7dso/gear/thunderous-bottoms-finest/
thunderous-combat-boots-finest,Thunderous Combat Boots (Finest),Armor,Shoes,Blinding Flash,SR,,,,,,,20 Metal Fragment 100% Amount: 12-20,Upgrade Comments Sets Sets Blinding Flash,4,3,https://cdn-zeroluck-gg.b-cdn.net/7dso/SevenDeadlySins/Assets/Content/UIImg/Icon_Item/Armor/Shoes_Plate_3014.png?class=iconmd,https://zeroluck.gg/7dso/gear/thunderous-combat-boots-finest/
thunderous-top-finest,Thunderous Top (Finest),Armor,Chest,Blinding Flash,SR,,,,,,,20 Metal Fragment 100% Amount: 12-20,Upgrade Comments Sets Sets Blinding Flash,4,3,https://cdn-zeroluck-gg.b-cdn.net/7dso/SevenDeadlySins/Assets/Content/UIImg/Icon_Item/Armor/Top_Plate_3014.png?class=iconmd,https://zeroluck.gg/7dso/gear/thunderous-top-finest/
artisan-s-fine-top-3,Artisan's Fine Top,Armor,Chest,,Rare,,,,,,,10 Metal Fragment 100% Amount: 4-10,,,,https://cdn-zeroluck-gg.b-cdn.net/7dso/SevenDeadlySins/Assets/Content/UIImg/Icon_Item/Armor/Top_Cloth_3010.png?class=iconmd,https://zeroluck.gg/7dso/gear/artisan-s-fine-top-3/
fiery-essence-belt-sturdy,Fiery Essence Belt (Sturdy),Armor,Belt,Burning Heart,Rare,,,,,,,10 Metal Fragment 100% Amount: 4-10,Upgrade Comments Sets Sets Burning Heart,4,3,https://cdn-zeroluck-gg.b-cdn.net/7dso/SevenDeadlySins/Assets/Content/UIImg/Icon_Item/Armor/Belt_Leather_3006.png?class=iconmd,https://zeroluck.gg/7dso/gear/fiery-essence-belt-sturdy/
fiery-essence-bottoms-sturdy,Fiery Essence Bottoms (Sturdy),Armor,Bottom,Burning Heart,Rare,,,,,,,10 Metal Fragment 100% Amount: 4-10,Upgrade Comments Sets Sets Burning Heart,4,3,https://cdn-zeroluck-gg.b-cdn.net/7dso/SevenDeadlySins/Assets/Content/UIImg/Icon_Item/Armor/Bottom_Leather_3006.png?class=iconmd,https://zeroluck.gg/7dso/gear/fiery-essence-bottoms-sturdy/
fiery-essence-combat-boots-sturdy,Fiery Essence Combat Boots (Sturdy),Armor,Shoes,Burning Heart,Rare,,,,,,,10 Metal Fragment 100% Amount: 4-10,Upgrade Comments Sets Sets Burning Heart,4,3,https://cdn-zeroluck-gg.b-cdn.net/7dso/SevenDeadlySins/Assets/Content/UIImg/Icon_Item/Armor/Shoes_Leather_3006.png?class=iconmd,https://zeroluck.gg/7dso/gear/fiery-essence-combat-boots-sturdy/
fiery-essence-top-sturdy,Fiery Essence Top (Sturdy),Armor,Chest,Burning Heart,Rare,,,,,,,10 Metal Fragment 100% Amount: 4-10,Upgrade Comments Sets Sets Burning Heart,4,3,https://cdn-zeroluck-gg.b-cdn.net/7dso/SevenDeadlySins/Assets/Content/UIImg/Icon_Item/Armor/Top_Leather_3006.png?class=iconmd,https://zeroluck.gg/7dso/gear/fiery-essence-top-sturdy/
gentle-breeze-earrings-sturdy,Gentle Breeze Earrings (Sturdy),Accessory,Earring,Scattered Petals,Rare,,,,,,,10 Accessory Fragment 100% Amount: 4-10,Sets Sets Scattered Petals,3,3,https://cdn-zeroluck-gg.b-cdn.net/7dso/SevenDeadlySins/Assets/Content/UIImg/Icon_Item/Acc/Earring_Default_3010.png?class=iconmd,https://zeroluck.gg/7dso/gear/gentle-breeze-earrings-sturdy/
gentle-breeze-necklace-sturdy,Gentle Breeze Necklace (Sturdy),Accessory,Necklace,Scattered Petals,Rare,,,,,,,10 Accessory Fragment 100% Amount: 4-10,Sets Sets Scattered Petals,3,3,https://cdn-zeroluck-gg.b-cdn.net/7dso/SevenDeadlySins/Assets/Content/UIImg/Icon_Item/Acc/Necklace_Default_3010.png?class=iconmd,https://zeroluck.gg/7dso/gear/gentle-breeze-necklace-sturdy/
gentle-breeze-ring-sturdy,Gentle Breeze Ring (Sturdy),Accessory,Ring,Scattered Petals,Rare,,,,,,,10 Accessory Fragment 100% Amount: 4-10,Sets Sets Scattered Petals,3,3,https://cdn-zeroluck-gg.b-cdn.net/7dso/SevenDeadlySins/Assets/Content/UIImg/Icon_Item/Acc/Ring_Default_3010.png?class=iconmd,https://zeroluck.gg/7dso/gear/gentle-breeze-ring-sturdy/
noble-hero-s-belt-sturdy,Noble Hero's Belt (Sturdy),Armor,Belt,,Rare,,,,,,,10 Metal Fragment 100% Amount: 4-10,,,,https://cdn-zeroluck-gg.b-cdn.net/7dso/SevenDeadlySins/Assets/Content/UIImg/Icon_Item/Armor/Belt_Cloth_3020.png?class=iconmd,https://zeroluck.gg/7dso/gear/noble-hero-s-belt-sturdy/
noble-hero-s-bottoms-sturdy,Noble Hero's Bottoms (Sturdy),Armor,Bottom,,Rare,,,,,,,10 Metal Fragment 100% Amount: 4-10,,,,https://cdn-zeroluck-gg.b-cdn.net/7dso/SevenDeadlySins/Assets/Content/UIImg/Icon_Item/Armor/Bottom_Cloth_3020.png?class=iconmd,https://zeroluck.gg/7dso/gear/noble-hero-s-bottoms-sturdy/
noble-hero-s-combat-boots-sturdy,Noble Hero's Combat Boots (Sturdy),Armor,Shoes,,Rare,,,,,,,10 Metal Fragment 100% Amount: 4-10,,,,https://cdn-zeroluck-gg.b-cdn.net/7dso/SevenDeadlySins/Assets/Content/UIImg/Icon_Item/Armor/Shoes_Cloth_3020.png?class=iconmd,https://zeroluck.gg/7dso/gear/noble-hero-s-combat-boots-sturdy/
noble-hero-s-earrings-sturdy,Noble Hero's Earrings (Sturdy),Accessory,Earring,,Rare,,,,,,,10 Accessory Fragment 100% Amount: 4-10,,,,https://cdn-zeroluck-gg.b-cdn.net/7dso/SevenDeadlySins/Assets/Content/UIImg/Icon_Item/Acc/Earring_Default_3019.png?class=iconmd,https://zeroluck.gg/7dso/gear/noble-hero-s-earrings-sturdy/
noble-hero-s-necklace-sturdy,Noble Hero's Necklace (Sturdy),Accessory,Necklace,,Rare,,,,,,,10 Accessory Fragment 100% Amount: 4-10,,,,https://cdn-zeroluck-gg.b-cdn.net/7dso/SevenDeadlySins/Assets/Content/UIImg/Icon_Item/Acc/Necklace_Default_3019.png?class=iconmd,https://zeroluck.gg/7dso/gear/noble-hero-s-necklace-sturdy/
noble-hero-s-ring-sturdy,Noble Hero's Ring (Sturdy),Accessory,Ring,,Rare,,,,,,,10 Accessory Fragment 100% Amount: 4-10,,,,https://cdn-zeroluck-gg.b-cdn.net/7dso/SevenDeadlySins/Assets/Content/UIImg/Icon_Item/Acc/Ring_Default_3019.png?class=iconmd,https://zeroluck.gg/7dso/gear/noble-hero-s-ring-sturdy/
noble-hero-s-top-sturdy,Noble Hero's Top (Sturdy),Armor,Chest,,Rare,,,,,,,10 Metal Fragment 100% Amount: 4-10,,,,https://cdn-zeroluck-gg.b-cdn.net/7dso/SevenDeadlySins/Assets/Content/UIImg/Icon_Item/Armor/Top_Cloth_3020.png?class=iconmd,https://zeroluck.gg/7dso/gear/noble-hero-s-top-sturdy/
ordinary-earrings,Ordinary Earrings,Accessory,Earring,,Rare,,,,,,,10 Accessory Fragment 100% Amount: 4-10,,,,https://cdn-zeroluck-gg.b-cdn.net/7dso/SevenDeadlySins/Assets/Content/UIImg/Icon_Item/Acc/Earring_Default_3001.png?class=iconmd,https://zeroluck.gg/7dso/gear/ordinary-earrings/
ordinary-necklace,Ordinary Necklace,Accessory,Necklace,,Rare,,,,,,,10 Accessory Fragment 100% Amount: 4-10,,,,https://cdn-zeroluck-gg.b-cdn.net/7dso/SevenDeadlySins/Assets/Content/UIImg/Icon_Item/Acc/Necklace_Default_3001.png?class=iconmd,https://zeroluck.gg/7dso/gear/ordinary-necklace/
ordinary-ring,Ordinary Ring,Accessory,Ring,,Rare,,,,,,,10 Accessory Fragment 100% Amount: 4-10,,,,https://cdn-zeroluck-gg.b-cdn.net/7dso/SevenDeadlySins/Assets/Content/UIImg/Icon_Item/Acc/Ring_Default_3001.png?class=iconmd,https://zeroluck.gg/7dso/gear/ordinary-ring/
pursuer-s-top-3,Pursuer's Top,Armor,Chest,,Rare,,,,,,,10 Metal Fragment 100% Amount: 4-10,,,,https://cdn-zeroluck-gg.b-cdn.net/7dso/SevenDeadlySins/Assets/Content/UIImg/Icon_Item/Armor/Top_Leather_3008.png?class=iconmd,https://zeroluck.gg/7dso/gear/pursuer-s-top-3/
scorching-gust-belt-sturdy,Scorching Gust Belt (Sturdy),Armor,Belt,Quaking Horizon,Rare,,,,,,,10 Metal Fragment 100% Amount: 4-10,Upgrade Comments Sets Sets Quaking Horizon,7,3,https://cdn-zeroluck-gg.b-cdn.net/7dso/SevenDeadlySins/Assets/Content/UIImg/Icon_Item/Armor/Belt_Leather_3017.png?class=iconmd,https://zeroluck.gg/7dso/gear/scorching-gust-belt-sturdy/
scorching-gust-bottoms-sturdy,Scorching Gust Bottoms (Sturdy),Armor,Bottom,Quaking Horizon,Rare,,,,,,,10 Metal Fragment 100% Amount: 4-10,Upgrade Comments Sets Sets Quaking Horizon,7,3,https://cdn-zeroluck-gg.b-cdn.net/7dso/SevenDeadlySins/Assets/Content/UIImg/Icon_Item/Armor/Bottom_Leather_3017.png?class=iconmd,https://zeroluck.gg/7dso/gear/scorching-gust-bottoms-sturdy/
scorching-gust-combat-boots-sturdy,Scorching Gust Combat Boots (Sturdy),Armor,Shoes,Quaking Horizon,Rare,,,,,,,10 Metal Fragment 100% Amount: 4-10,Upgrade Comments Sets Sets Quaking Horizon,7,3,https://cdn-zeroluck-gg.b-cdn.net/7dso/SevenDeadlySins/Assets/Content/UIImg/Icon_Item/Armor/Shoes_Leather_3017.png?class=iconmd,https://zeroluck.gg/7dso/gear/scorching-gust-combat-boots-sturdy/
scorching-gust-top-sturdy,Scorching Gust Top (Sturdy),Armor,Chest,Quaking Horizon,Rare,,,,,,,10 Metal Fragment 100% Amount: 4-10,Upgrade Comments Sets Sets Quaking Horizon,7,3,https://cdn-zeroluck-gg.b-cdn.net/7dso/SevenDeadlySins/Assets/Content/UIImg/Icon_Item/Armor/Top_Leather_3017.png?class=iconmd,https://zeroluck.gg/7dso/gear/scorching-gust-top-sturdy/
thunderous-belt-sturdy,Thunderous Belt (Sturdy),Armor,Belt,Blinding Flash,Rare,,,,,,,10 Metal Fragment 100% Amount: 4-10,Upgrade Comments Sets Sets Blinding Flash,4,3,https://cdn-zeroluck-gg.b-cdn.net/7dso/SevenDeadlySins/Assets/Content/UIImg/Icon_Item/Armor/Belt_Plate_3014.png?class=iconmd,https://zeroluck.gg/7dso/gear/thunderous-belt-sturdy/
thunderous-bottoms-sturdy,Thunderous Bottoms (Sturdy),Armor,Bottom,Blinding Flash,Rare,,,,,,,10 Metal Fragment 100% Amount: 4-10,Upgrade Comments Sets Sets Blinding Flash,4,3,https://cdn-zeroluck-gg.b-cdn.net/7dso/SevenDeadlySins/Assets/Content/UIImg/Icon_Item/Armor/Bottom_Plate_3014.png?class=iconmd,https://zeroluck.gg/7dso/gear/thunderous-bottoms-sturdy/
thunderous-combat-boots-sturdy,Thunderous Combat Boots (Sturdy),Armor,Shoes,Blinding Flash,Rare,,,,,,,10 Metal Fragment 100% Amount: 4-10,Upgrade Comments Sets Sets Blinding Flash,4,3,https://cdn-zeroluck-gg.b-cdn.net/7dso/SevenDeadlySins/Assets/Content/UIImg/Icon_Item/Armor/Shoes_Plate_3014.png?class=iconmd,https://zeroluck.gg/7dso/gear/thunderous-combat-boots-sturdy/
thunderous-top-sturdy,Thunderous Top (Sturdy),Armor,Chest,Blinding Flash,Rare,,,,,,,10 Metal Fragment 100% Amount: 4-10,Upgrade Comments Sets Sets Blinding Flash,4,3,https://cdn-zeroluck-gg.b-cdn.net/7dso/SevenDeadlySins/Assets/Content/UIImg/Icon_Item/Armor/Top_Plate_3014.png?class=iconmd,https://zeroluck.gg/7dso/gear/thunderous-top-sturdy/
adventurer-s-belt-2,Adventurer's Belt,Armor,Belt,,C,,,,,,,5 Metal Fragment 100% Amount: 2-5,,,,https://cdn-zeroluck-gg.b-cdn.net/7dso/SevenDeadlySins/Assets/Content/UIImg/Icon_Item/Armor/Belt_Cloth_3001.png?class=iconmd,https://zeroluck.gg/7dso/gear/adventurer-s-belt-2/
adventurer-s-bottoms-2,Adventurer's Bottoms,Armor,Bottom,,C,,,,,,,5 Metal Fragment 100% Amount: 2-5,,,,https://cdn-zeroluck-gg.b-cdn.net/7dso/SevenDeadlySins/Assets/Content/UIImg/Icon_Item/Armor/Bottom_Cloth_3001.png?class=iconmd,https://zeroluck.gg/7dso/gear/adventurer-s-bottoms-2/
adventurer-s-combat-boots-2,Adventurer's Combat Boots,Armor,Shoes,,C,,,,,,,5 Metal Fragment 100% Amount: 2-5,,,,https://cdn-zeroluck-gg.b-cdn.net/7dso/SevenDeadlySins/Assets/Content/UIImg/Icon_Item/Armor/Shoes_Cloth_3001.png?class=iconmd,https://zeroluck.gg/7dso/gear/adventurer-s-combat-boots-2/
adventurer-s-top-2,Adventurer's Top,Armor,Chest,,C,,,,,,,5 Metal Fragment 100% Amount: 2-5,,,,https://cdn-zeroluck-gg.b-cdn.net/7dso/SevenDeadlySins/Assets/Content/UIImg/Icon_Item/Armor/Top_Cloth_3001.png?class=iconmd,https://zeroluck.gg/7dso/gear/adventurer-s-top-2/
artisan-s-fine-belt-2,Artisan's Fine Belt,Armor,Belt,,C,,,,,,,5 Metal Fragment 100% Amount: 2-5,,,,https://cdn-zeroluck-gg.b-cdn.net/7dso/SevenDeadlySins/Assets/Content/UIImg/Icon_Item/Armor/Belt_Cloth_3010.png?class=iconmd,https://zeroluck.gg/7dso/gear/artisan-s-fine-belt-2/
artisan-s-fine-bottoms-2,Artisan's Fine Bottoms,Armor,Bottom,,C,,,,,,,5 Metal Fragment 100% Amount: 2-5,,,,https://cdn-zeroluck-gg.b-cdn.net/7dso/SevenDeadlySins/Assets/Content/UIImg/Icon_Item/Armor/Bottom_Cloth_3010.png?class=iconmd,https://zeroluck.gg/7dso/gear/artisan-s-fine-bottoms-2/
artisan-s-fine-combat-boots-2,Artisan's Fine Combat Boots,Armor,Shoes,,C,,,,,,,5 Metal Fragment 100% Amount: 2-5,,,,https://cdn-zeroluck-gg.b-cdn.net/7dso/SevenDeadlySins/Assets/Content/UIImg/Icon_Item/Armor/Shoes_Cloth_3010.png?class=iconmd,https://zeroluck.gg/7dso/gear/artisan-s-fine-combat-boots-2/
artisan-s-fine-top-2,Artisan's Fine Top,Armor,Chest,,C,,,,,,,5 Metal Fragment 100% Amount: 2-5,,,,https://cdn-zeroluck-gg.b-cdn.net/7dso/SevenDeadlySins/Assets/Content/UIImg/Icon_Item/Armor/Top_Cloth_3010.png?class=iconmd,https://zeroluck.gg/7dso/gear/artisan-s-fine-top-2/
blessed-belt-2,Blessed Belt,Armor,Belt,,C,,,,,,,5 Metal Fragment 100% Amount: 2-5,,,,https://cdn-zeroluck-gg.b-cdn.net/7dso/SevenDeadlySins/Assets/Content/UIImg/Icon_Item/Armor/Belt_Plate_3003.png?class=iconmd,https://zeroluck.gg/7dso/gear/blessed-belt-2/
blessed-bottoms-2,Blessed Bottoms,Armor,Bottom,,C,,,,,,,5 Metal Fragment 100% Amount: 2-5,,,,https://cdn-zeroluck-gg.b-cdn.net/7dso/SevenDeadlySins/Assets/Content/UIImg/Icon_Item/Armor/Bottom_Plate_3003.png?class=iconmd,https://zeroluck.gg/7dso/gear/blessed-bottoms-2/
blessed-combat-boots-2,Blessed Combat Boots,Armor,Shoes,,C,,,,,,,5 Metal Fragment 100% Amount: 2-5,,,,https://cdn-zeroluck-gg.b-cdn.net/7dso/SevenDeadlySins/Assets/Content/UIImg/Icon_Item/Armor/Shoes_Plate_3003.png?class=iconmd,https://zeroluck.gg/7dso/gear/blessed-combat-boots-2/
blessed-top-2,Blessed Top,Armor,Chest,,C,,,,,,,5 Metal Fragment 100% Amount: 2-5,,,,https://cdn-zeroluck-gg.b-cdn.net/7dso/SevenDeadlySins/Assets/Content/UIImg/Icon_Item/Armor/Top_Plate_3003.png?class=iconmd,https://zeroluck.gg/7dso/gear/blessed-top-2/
casual-earrings,Casual Earrings,Accessory,Earring,,C,,,,,,,5 Accessory Fragment 100% Amount: 2-5,,,,https://cdn-zeroluck-gg.b-cdn.net/7dso/SevenDeadlySins/Assets/Content/UIImg/Icon_Item/Acc/Earring_Default_2001.png?class=iconmd,https://zeroluck.gg/7dso/gear/casual-earrings/
casual-necklace,Casual Necklace,Accessory,Necklace,,C,,,,,,,5 Accessory Fragment 100% Amount: 2-5,,,,https://cdn-zeroluck-gg.b-cdn.net/7dso/SevenDeadlySins/Assets/Content/UIImg/Icon_Item/Acc/Necklace_Default_2001.png?class=iconmd,https://zeroluck.gg/7dso/gear/casual-necklace/
casual-ring,Casual Ring,Accessory,Ring,,C,,,,,,,5 Accessory Fragment 100% Amount: 2-5,,,,https://cdn-zeroluck-gg.b-cdn.net/7dso/SevenDeadlySins/Assets/Content/UIImg/Icon_Item/Acc/Ring_Default_2001.png?class=iconmd,https://zeroluck.gg/7dso/gear/casual-ring/
guardian-s-belt-2,Guardian's Belt,Armor,Belt,,C,,,,,,,5 Metal Fragment 100% Amount: 2-5,,,,https://cdn-zeroluck-gg.b-cdn.net/7dso/SevenDeadlySins/Assets/Content/UIImg/Icon_Item/Armor/Belt_Leather_3005.png?class=iconmd,https://zeroluck.gg/7dso/gear/guardian-s-belt-2/
guardian-s-bottoms-2,Guardian's Bottoms,Armor,Bottom,,C,,,,,,,5 Metal Fragment 100% Amount: 2-5,,,,https://cdn-zeroluck-gg.b-cdn.net/7dso/SevenDeadlySins/Assets/Content/UIImg/Icon_Item/Armor/Bottom_Leather_3005.png?class=iconmd,https://zeroluck.gg/7dso/gear/guardian-s-bottoms-2/
guardian-s-combat-boots-2,Guardian's Combat Boots,Armor,Shoes,,C,,,,,,,5 Metal Fragment 100% Amount: 2-5,,,,https://cdn-zeroluck-gg.b-cdn.net/7dso/SevenDeadlySins/Assets/Content/UIImg/Icon_Item/Armor/Shoes_Leather_3005.png?class=iconmd,https://zeroluck.gg/7dso/gear/guardian-s-combat-boots-2/
guardian-s-top-2,Guardian's Top,Armor,Chest,,C,,,,,,,5 Metal Fragment 100% Amount: 2-5,,,,https://cdn-zeroluck-gg.b-cdn.net/7dso/SevenDeadlySins/Assets/Content/UIImg/Icon_Item/Armor/Top_Leather_3005.png?class=iconmd,https://zeroluck.gg/7dso/gear/guardian-s-top-2/
pursuer-s-belt-2,Pursuer's Belt,Armor,Belt,,C,,,,,,,5 Metal Fragment 100% Amount: 2-5,,,,https://cdn-zeroluck-gg.b-cdn.net/7dso/SevenDeadlySins/Assets/Content/UIImg/Icon_Item/Armor/Belt_Leather_3008.png?class=iconmd,https://zeroluck.gg/7dso/gear/pursuer-s-belt-2/
pursuer-s-bottoms-2,Pursuer's Bottoms,Armor,Bottom,,C,,,,,,,5 Metal Fragment 100% Amount: 2-5,,,,https://cdn-zeroluck-gg.b-cdn.net/7dso/SevenDeadlySins/Assets/Content/UIImg/Icon_Item/Armor/Bottom_Leather_3008.png?class=iconmd,https://zeroluck.gg/7dso/gear/pursuer-s-bottoms-2/
pursuer-s-combat-boots-2,Pursuer's Combat Boots,Armor,Shoes,,C,,,,,,,5 Metal Fragment 100% Amount: 2-5,,,,https://cdn-zeroluck-gg.b-cdn.net/7dso/SevenDeadlySins/Assets/Content/UIImg/Icon_Item/Armor/Shoes_Leather_3008.png?class=iconmd,https://zeroluck.gg/7dso/gear/pursuer-s-combat-boots-2/
pursuer-s-top-2,Pursuer's Top,Armor,Chest,,C,,,,,,,5 Metal Fragment 100% Amount: 2-5,,,,https://cdn-zeroluck-gg.b-cdn.net/7dso/SevenDeadlySins/Assets/Content/UIImg/Icon_Item/Armor/Top_Leather_3008.png?class=iconmd,https://zeroluck.gg/7dso/gear/pursuer-s-top-2/
adventurer-s-belt,Adventurer's Belt,Armor,Belt,,N,,,,,,,3 Metal Fragment 100% Amount: 1-3,,,,https://cdn-zeroluck-gg.b-cdn.net/7dso/SevenDeadlySins/Assets/Content/UIImg/Icon_Item/Armor/Belt_Cloth_3001.png?class=iconmd,https://zeroluck.gg/7dso/gear/adventurer-s-belt/
adventurer-s-bottoms,Adventurer's Bottoms,Armor,Bottom,,N,,,,,,,3 Metal Fragment 100% Amount: 1-3,,,,https://cdn-zeroluck-gg.b-cdn.net/7dso/SevenDeadlySins/Assets/Content/UIImg/Icon_Item/Armor/Bottom_Cloth_3001.png?class=iconmd,https://zeroluck.gg/7dso/gear/adventurer-s-bottoms/
adventurer-s-combat-boots,Adventurer's Combat Boots,Armor,Shoes,,N,,,,,,,3 Metal Fragment 100% Amount: 1-3,,,,https://cdn-zeroluck-gg.b-cdn.net/7dso/SevenDeadlySins/Assets/Content/UIImg/Icon_Item/Armor/Shoes_Cloth_3001.png?class=iconmd,https://zeroluck.gg/7dso/gear/adventurer-s-combat-boots/
adventurer-s-top,Adventurer's Top,Armor,Chest,,N,,,,,,,3 Metal Fragment 100% Amount: 1-3,,,,https://cdn-zeroluck-gg.b-cdn.net/7dso/SevenDeadlySins/Assets/Content/UIImg/Icon_Item/Armor/Top_Cloth_3001.png?class=iconmd,https://zeroluck.gg/7dso/gear/adventurer-s-top/
artisan-s-fine-belt,Artisan's Fine Belt,Armor,Belt,,N,,,,,,,3 Metal Fragment 100% Amount: 1-3,,,,https://cdn-zeroluck-gg.b-cdn.net/7dso/SevenDeadlySins/Assets/Content/UIImg/Icon_Item/Armor/Belt_Cloth_3010.png?class=iconmd,https://zeroluck.gg/7dso/gear/artisan-s-fine-belt/
artisan-s-fine-bottoms,Artisan's Fine Bottoms,Armor,Bottom,,N,,,,,,,3 Metal Fragment 100% Amount: 1-3,,,,https://cdn-zeroluck-gg.b-cdn.net/7dso/SevenDeadlySins/Assets/Content/UIImg/Icon_Item/Armor/Bottom_Cloth_3010.png?class=iconmd,https://zeroluck.gg/7dso/gear/artisan-s-fine-bottoms/
artisan-s-fine-combat-boots,Artisan's Fine Combat Boots,Armor,Shoes,,N,,,,,,,3 Metal Fragment 100% Amount: 1-3,,,,https://cdn-zeroluck-gg.b-cdn.net/7dso/SevenDeadlySins/Assets/Content/UIImg/Icon_Item/Armor/Shoes_Cloth_3010.png?class=iconmd,https://zeroluck.gg/7dso/gear/artisan-s-fine-combat-boots/
artisan-s-fine-top,Artisan's Fine Top,Armor,Chest,,N,,,,,,,3 Metal Fragment 100% Amount: 1-3,,,,https://cdn-zeroluck-gg.b-cdn.net/7dso/SevenDeadlySins/Assets/Content/UIImg/Icon_Item/Armor/Top_Cloth_3010.png?class=iconmd,https://zeroluck.gg/7dso/gear/artisan-s-fine-top/
blessed-belt,Blessed Belt,Armor,Belt,,N,,,,,,,3 Metal Fragment 100% Amount: 1-3,,,,https://cdn-zeroluck-gg.b-cdn.net/7dso/SevenDeadlySins/Assets/Content/UIImg/Icon_Item/Armor/Belt_Plate_3003.png?class=iconmd,https://zeroluck.gg/7dso/gear/blessed-belt/
blessed-bottoms,Blessed Bottoms,Armor,Bottom,,N,,,,,,,3 Metal Fragment 100% Amount: 1-3,,,,https://cdn-zeroluck-gg.b-cdn.net/7dso/SevenDeadlySins/Assets/Content/UIImg/Icon_Item/Armor/Bottom_Plate_3003.png?class=iconmd,https://zeroluck.gg/7dso/gear/blessed-bottoms/
blessed-combat-boots,Blessed Combat Boots,Armor,Shoes,,N,,,,,,,3 Metal Fragment 100% Amount: 1-3,,,,https://cdn-zeroluck-gg.b-cdn.net/7dso/SevenDeadlySins/Assets/Content/UIImg/Icon_Item/Armor/Shoes_Plate_3003.png?class=iconmd,https://zeroluck.gg/7dso/gear/blessed-combat-boots/
blessed-top,Blessed Top,Armor,Chest,,N,,,,,,,3 Metal Fragment 100% Amount: 1-3,,,,https://cdn-zeroluck-gg.b-cdn.net/7dso/SevenDeadlySins/Assets/Content/UIImg/Icon_Item/Armor/Top_Plate_3003.png?class=iconmd,https://zeroluck.gg/7dso/gear/blessed-top/
decorative-earrings,Decorative Earrings,Accessory,Earring,,N,,,,,,,3 Accessory Fragment 100% Amount: 1-3,,,,https://cdn-zeroluck-gg.b-cdn.net/7dso/SevenDeadlySins/Assets/Content/UIImg/Icon_Item/Acc/Earring_Default_1001.png?class=iconmd,https://zeroluck.gg/7dso/gear/decorative-earrings/
decorative-necklace,Decorative Necklace,Accessory,Necklace,,N,,,,,,,3 Accessory Fragment 100% Amount: 1-3,,,,https://cdn-zeroluck-gg.b-cdn.net/7dso/SevenDeadlySins/Assets/Content/UIImg/Icon_Item/Acc/Necklace_Default_1001.png?class=iconmd,https://zeroluck.gg/7dso/gear/decorative-necklace/
decorative-ring,Decorative Ring,Accessory,Ring,,N,,,,,,,3 Accessory Fragment 100% Amount: 1-3,,,,https://cdn-zeroluck-gg.b-cdn.net/7dso/SevenDeadlySins/Assets/Content/UIImg/Icon_Item/Acc/Ring_Default_1001.png?class=iconmd,https://zeroluck.gg/7dso/gear/decorative-ring/
guardian-s-belt,Guardian's Belt,Armor,Belt,,N,,,,,,,3 Metal Fragment 100% Amount: 1-3,,,,https://cdn-zeroluck-gg.b-cdn.net/7dso/SevenDeadlySins/Assets/Content/UIImg/Icon_Item/Armor/Belt_Leather_3005.png?class=iconmd,https://zeroluck.gg/7dso/gear/guardian-s-belt/
guardian-s-bottoms,Guardian's Bottoms,Armor,Bottom,,N,,,,,,,3 Metal Fragment 100% Amount: 1-3,,,,https://cdn-zeroluck-gg.b-cdn.net/7dso/SevenDeadlySins/Assets/Content/UIImg/Icon_Item/Armor/Bottom_Leather_3005.png?class=iconmd,https://zeroluck.gg/7dso/gear/guardian-s-bottoms/
guardian-s-combat-boots,Guardian's Combat Boots,Armor,Shoes,,N,,,,,,,3 Metal Fragment 100% Amount: 1-3,,,,https://cdn-zeroluck-gg.b-cdn.net/7dso/SevenDeadlySins/Assets/Content/UIImg/Icon_Item/Armor/Shoes_Leather_3005.png?class=iconmd,https://zeroluck.gg/7dso/gear/guardian-s-combat-boots/
guardian-s-top,Guardian's Top,Armor,Chest,,N,,,,,,,3 Metal Fragment 100% Amount: 1-3,,,,https://cdn-zeroluck-gg.b-cdn.net/7dso/SevenDeadlySins/Assets/Content/UIImg/Icon_Item/Armor/Top_Leather_3005.png?class=iconmd,https://zeroluck.gg/7dso/gear/guardian-s-top/
pursuer-s-belt,Pursuer's Belt,Armor,Belt,,N,,,,,,,3 Metal Fragment 100% Amount: 1-3,,,,https://cdn-zeroluck-gg.b-cdn.net/7dso/SevenDeadlySins/Assets/Content/UIImg/Icon_Item/Armor/Belt_Leather_3008.png?class=iconmd,https://zeroluck.gg/7dso/gear/pursuer-s-belt/
pursuer-s-bottoms,Pursuer's Bottoms,Armor,Bottom,,N,,,,,,,3 Metal Fragment 100% Amount: 1-3,,,,https://cdn-zeroluck-gg.b-cdn.net/7dso/SevenDeadlySins/Assets/Content/UIImg/Icon_Item/Armor/Bottom_Leather_3008.png?class=iconmd,https://zeroluck.gg/7dso/gear/pursuer-s-bottoms/
pursuer-s-combat-boots,Pursuer's Combat Boots,Armor,Shoes,,N,,,,,,,3 Metal Fragment 100% Amount: 1-3,,,,https://cdn-zeroluck-gg.b-cdn.net/7dso/SevenDeadlySins/Assets/Content/UIImg/Icon_Item/Armor/Shoes_Leather_3008.png?class=iconmd,https://zeroluck.gg/7dso/gear/pursuer-s-combat-boots/
pursuer-s-top,Pursuer's Top,Armor,Chest,,N,,,,,,,3 Metal Fragment 100% Amount: 1-3,,,,https://cdn-zeroluck-gg.b-cdn.net/7dso/SevenDeadlySins/Assets/Content/UIImg/Icon_Item/Armor/Top_Leather_3008.png?class=iconmd,https://zeroluck.gg/7dso/gear/pursuer-s-top/
