slug,nom,categorie,rarete,image_url,image_local,page_url
black-flame-wings-axe,Craft,Black Flame Wings Axe,SSR,https://cdn-zeroluck-gg.b-cdn.net/7dso/SevenDeadlySins/Assets/Content/UIImg/Icon_Item/Weapon/Axe_0302.png?class=iconmd,scraper_output/images/weapons/Craft.png,https://zeroluck.gg/7dso/weapons/black-flame-wings-axe/
black-flame-wings-dual-swords,Craft,Black Flame Wings Dual Swords,SSR,https://cdn-zeroluck-gg.b-cdn.net/7dso/SevenDeadlySins/Assets/Content/UIImg/Icon_Item/Weapon/SwordDual_0302.png?class=iconmd,scraper_output/images/weapons/Craft.png,https://zeroluck.gg/7dso/weapons/black-flame-wings-dual-swords/
black-flame-wings-gauntlets,Craft,Black Flame Wings Gauntlets,SSR,https://cdn-zeroluck-gg.b-cdn.net/7dso/SevenDeadlySins/Assets/Content/UIImg/Icon_Item/Weapon/gauntlets_0302.png?class=iconmd,scraper_output/images/weapons/Craft.png,https://zeroluck.gg/7dso/weapons/black-flame-wings-gauntlets/
black-flame-wings-greatsword,Craft,Black Flame Wings Greatsword,SSR,https://cdn-zeroluck-gg.b-cdn.net/7dso/SevenDeadlySins/Assets/Content/UIImg/Icon_Item/Weapon/sword2h_0302.png?class=iconmd,scraper_output/images/weapons/Craft.png,https://zeroluck.gg/7dso/weapons/black-flame-wings-greatsword/
black-flame-wings-grimoire,Craft,Black Flame Wings Grimoire,SSR,https://cdn-zeroluck-gg.b-cdn.net/7dso/SevenDeadlySins/Assets/Content/UIImg/Icon_Item/Weapon/Book_0302.png?class=iconmd,scraper_output/images/weapons/Craft.png,https://zeroluck.gg/7dso/weapons/black-flame-wings-grimoire/
black-flame-wings-lance,Craft,Black Flame Wings Lance,SSR,https://cdn-zeroluck-gg.b-cdn.net/7dso/SevenDeadlySins/Assets/Content/UIImg/Icon_Item/Weapon/lance_0302.png?class=iconmd,scraper_output/images/weapons/Craft.png,https://zeroluck.gg/7dso/weapons/black-flame-wings-lance/
black-flame-wings-longsword,Craft,Black Flame Wings Longsword,SSR,https://cdn-zeroluck-gg.b-cdn.net/7dso/SevenDeadlySins/Assets/Content/UIImg/Icon_Item/Weapon/sword1h_0302.png?class=iconmd,scraper_output/images/weapons/Craft.png,https://zeroluck.gg/7dso/weapons/black-flame-wings-longsword/
black-flame-wings-nunchaku,Craft,Black Flame Wings Nunchaku,SSR,https://cdn-zeroluck-gg.b-cdn.net/7dso/SevenDeadlySins/Assets/Content/UIImg/Icon_Item/Weapon/cudgel3c_0302.png?class=iconmd,scraper_output/images/weapons/Craft.png,https://zeroluck.gg/7dso/weapons/black-flame-wings-nunchaku/
black-flame-wings-rapier,Craft,Black Flame Wings Rapier,SSR,https://cdn-zeroluck-gg.b-cdn.net/7dso/SevenDeadlySins/Assets/Content/UIImg/Icon_Item/Weapon/rapier_0302.png?class=iconmd,scraper_output/images/weapons/Craft.png,https://zeroluck.gg/7dso/weapons/black-flame-wings-rapier/
black-flame-wings-staff,Craft,Black Flame Wings Staff,SSR,https://cdn-zeroluck-gg.b-cdn.net/7dso/SevenDeadlySins/Assets/Content/UIImg/Icon_Item/Weapon/Staff_0302.png?class=iconmd,scraper_output/images/weapons/Craft.png,https://zeroluck.gg/7dso/weapons/black-flame-wings-staff/
black-flame-wings-sword-and-shield,Craft,Black Flame Wings Sword and Shield,SSR,https://cdn-zeroluck-gg.b-cdn.net/7dso/SevenDeadlySins/Assets/Content/UIImg/Icon_Item/Weapon/shield_0302.png?class=iconmd,scraper_output/images/weapons/Craft.png,https://zeroluck.gg/7dso/weapons/black-flame-wings-sword-and-shield/
black-flame-wings-wand,Craft,Black Flame Wings Wand,SSR,https://cdn-zeroluck-gg.b-cdn.net/7dso/SevenDeadlySins/Assets/Content/UIImg/Icon_Item/Weapon/wand_0302.png?class=iconmd,scraper_output/images/weapons/Craft.png,https://zeroluck.gg/7dso/weapons/black-flame-wings-wand/
gluttonous-soul-longsword,Craft,Gluttonous Soul Longsword,SSR,https://cdn-zeroluck-gg.b-cdn.net/7dso/SevenDeadlySins/Assets/Content/UIImg/Icon_Item/Weapon/sword1h_0501.png?class=iconmd,scraper_output/images/weapons/Craft.png,https://zeroluck.gg/7dso/weapons/gluttonous-soul-longsword/
gluttonous-soul-sword-and-shield,Craft,Gluttonous Soul Sword and Shield,SSR,https://cdn-zeroluck-gg.b-cdn.net/7dso/SevenDeadlySins/Assets/Content/UIImg/Icon_Item/Weapon/shield_0501.png?class=iconmd,scraper_output/images/weapons/Craft.png,https://zeroluck.gg/7dso/weapons/gluttonous-soul-sword-and-shield/
black-shadow-greatsword,Craft,Black Shadow Greatsword,SR,https://cdn-zeroluck-gg.b-cdn.net/7dso/SevenDeadlySins/Assets/Content/UIImg/Icon_Item/Weapon/Sword2h_3013.png?class=iconmd,scraper_output/images/weapons/Craft.png,https://zeroluck.gg/7dso/weapons/black-shadow-greatsword/
blazing-axe,Blazing Axe,Axe,SR,https://cdn-zeroluck-gg.b-cdn.net/7dso/SevenDeadlySins/Assets/Content/UIImg/Icon_Item/Weapon/Axe_4011.png?class=iconmd,scraper_output/images/weapons/Blazing_Axe.png,https://zeroluck.gg/7dso/weapons/blazing-axe/
blazing-dual-swords,Blazing Dual Swords,Dual Swords,SR,https://cdn-zeroluck-gg.b-cdn.net/7dso/SevenDeadlySins/Assets/Content/UIImg/Icon_Item/Weapon/SwordDual_4011.png?class=iconmd,scraper_output/images/weapons/Blazing_Dual_Swords.png,https://zeroluck.gg/7dso/weapons/blazing-dual-swords/
blazing-gauntlets,Blazing Gauntlets,Gauntlets,SR,https://cdn-zeroluck-gg.b-cdn.net/7dso/SevenDeadlySins/Assets/Content/UIImg/Icon_Item/Weapon/Gauntlets_4011.png?class=iconmd,scraper_output/images/weapons/Blazing_Gauntlets.png,https://zeroluck.gg/7dso/weapons/blazing-gauntlets/
blazing-greatsword,Blazing Greatsword,Two-Handed Sword,SR,https://cdn-zeroluck-gg.b-cdn.net/7dso/SevenDeadlySins/Assets/Content/UIImg/Icon_Item/Weapon/Sword2h_4011.png?class=iconmd,scraper_output/images/weapons/Blazing_Greatsword.png,https://zeroluck.gg/7dso/weapons/blazing-greatsword/
blazing-grimoire,Blazing Grimoire,Book,SR,https://cdn-zeroluck-gg.b-cdn.net/7dso/SevenDeadlySins/Assets/Content/UIImg/Icon_Item/Weapon/Book_4011.png?class=iconmd,scraper_output/images/weapons/Blazing_Grimoire.png,https://zeroluck.gg/7dso/weapons/blazing-grimoire/
blazing-lance,Blazing Lance,Lance,SR,https://cdn-zeroluck-gg.b-cdn.net/7dso/SevenDeadlySins/Assets/Content/UIImg/Icon_Item/Weapon/Lance_4011.png?class=iconmd,scraper_output/images/weapons/Blazing_Lance.png,https://zeroluck.gg/7dso/weapons/blazing-lance/
blazing-longsword,Blazing Longsword,One-Handed Sword,SR,https://cdn-zeroluck-gg.b-cdn.net/7dso/SevenDeadlySins/Assets/Content/UIImg/Icon_Item/Weapon/Sword1h_4011.png?class=iconmd,scraper_output/images/weapons/Blazing_Longsword.png,https://zeroluck.gg/7dso/weapons/blazing-longsword/
blazing-nunchaku,Blazing Nunchaku,Cudgel,SR,https://cdn-zeroluck-gg.b-cdn.net/7dso/SevenDeadlySins/Assets/Content/UIImg/Icon_Item/Weapon/Cudgel3c_4011.png?class=iconmd,scraper_output/images/weapons/Blazing_Nunchaku.png,https://zeroluck.gg/7dso/weapons/blazing-nunchaku/
blazing-rapier,Blazing Rapier,Rapier,SR,https://cdn-zeroluck-gg.b-cdn.net/7dso/SevenDeadlySins/Assets/Content/UIImg/Icon_Item/Weapon/Rapier_4011.png?class=iconmd,scraper_output/images/weapons/Blazing_Rapier.png,https://zeroluck.gg/7dso/weapons/blazing-rapier/
blazing-staff,Blazing Staff,END WEAPON,SR,https://cdn-zeroluck-gg.b-cdn.net/7dso/SevenDeadlySins/Assets/Content/UIImg/Icon_Item/Weapon/Staff_4011.png?class=iconmd,scraper_output/images/weapons/Blazing_Staff.png,https://zeroluck.gg/7dso/weapons/blazing-staff/
blazing-sword-and-shield,Blazing Sword and Shield,Shield,SR,https://cdn-zeroluck-gg.b-cdn.net/7dso/SevenDeadlySins/Assets/Content/UIImg/Icon_Item/Weapon/Shield_4011.png?class=iconmd,scraper_output/images/weapons/Blazing_Sword_and_Shield.png,https://zeroluck.gg/7dso/weapons/blazing-sword-and-shield/
blazing-wand,Blazing Wand,Wand,SR,https://cdn-zeroluck-gg.b-cdn.net/7dso/SevenDeadlySins/Assets/Content/UIImg/Icon_Item/Weapon/Wand_4011.png?class=iconmd,scraper_output/images/weapons/Blazing_Wand.png,https://zeroluck.gg/7dso/weapons/blazing-wand/
chaos-song-rapier,Craft,Chaos Song Rapier,SR,https://cdn-zeroluck-gg.b-cdn.net/7dso/SevenDeadlySins/Assets/Content/UIImg/Icon_Item/Weapon/Rapier_3016.png?class=iconmd,scraper_output/images/weapons/Craft.png,https://zeroluck.gg/7dso/weapons/chaos-song-rapier/
corrupted-conviction-longsword,Craft,Corrupted Conviction Longsword,SR,https://cdn-zeroluck-gg.b-cdn.net/7dso/SevenDeadlySins/Assets/Content/UIImg/Icon_Item/Weapon/Sword1h_3013.png?class=iconmd,scraper_output/images/weapons/Craft.png,https://zeroluck.gg/7dso/weapons/corrupted-conviction-longsword/
corrupted-will-gauntlets,Craft,Corrupted Will Gauntlets,SR,https://cdn-zeroluck-gg.b-cdn.net/7dso/SevenDeadlySins/Assets/Content/UIImg/Icon_Item/Weapon/Gauntlets_3019.png?class=iconmd,scraper_output/images/weapons/Craft.png,https://zeroluck.gg/7dso/weapons/corrupted-will-gauntlets/
crimson-flame-axe,Craft,Crimson Flame Axe,SR,https://cdn-zeroluck-gg.b-cdn.net/7dso/SevenDeadlySins/Assets/Content/UIImg/Icon_Item/Weapon/Axe_0304.png?class=iconmd,scraper_output/images/weapons/Craft.png,https://zeroluck.gg/7dso/weapons/crimson-flame-axe/
crimson-flame-dual-swords,Craft,Crimson Flame Dual Swords,SR,https://cdn-zeroluck-gg.b-cdn.net/7dso/SevenDeadlySins/Assets/Content/UIImg/Icon_Item/Weapon/SwordDual_0304.png?class=iconmd,scraper_output/images/weapons/Craft.png,https://zeroluck.gg/7dso/weapons/crimson-flame-dual-swords/
crimson-flame-gauntlets,Craft,Crimson Flame Gauntlets,SR,https://cdn-zeroluck-gg.b-cdn.net/7dso/SevenDeadlySins/Assets/Content/UIImg/Icon_Item/Weapon/gauntlets_0304.png?class=iconmd,scraper_output/images/weapons/Craft.png,https://zeroluck.gg/7dso/weapons/crimson-flame-gauntlets/
crimson-flame-greatsword,Craft,Crimson Flame Greatsword,SR,https://cdn-zeroluck-gg.b-cdn.net/7dso/SevenDeadlySins/Assets/Content/UIImg/Icon_Item/Weapon/sword2h_0304.png?class=iconmd,scraper_output/images/weapons/Craft.png,https://zeroluck.gg/7dso/weapons/crimson-flame-greatsword/
crimson-flame-grimoire,Craft,Crimson Flame Grimoire,SR,https://cdn-zeroluck-gg.b-cdn.net/7dso/SevenDeadlySins/Assets/Content/UIImg/Icon_Item/Weapon/Book_0304.png?class=iconmd,scraper_output/images/weapons/Craft.png,https://zeroluck.gg/7dso/weapons/crimson-flame-grimoire/
crimson-flame-lance,Craft,Crimson Flame Lance,SR,https://cdn-zeroluck-gg.b-cdn.net/7dso/SevenDeadlySins/Assets/Content/UIImg/Icon_Item/Weapon/lance_0304.png?class=iconmd,scraper_output/images/weapons/Craft.png,https://zeroluck.gg/7dso/weapons/crimson-flame-lance/
crimson-flame-longsword,Craft,Crimson Flame Longsword,SR,https://cdn-zeroluck-gg.b-cdn.net/7dso/SevenDeadlySins/Assets/Content/UIImg/Icon_Item/Weapon/sword1h_0304.png?class=iconmd,scraper_output/images/weapons/Craft.png,https://zeroluck.gg/7dso/weapons/crimson-flame-longsword/
crimson-flame-nunchaku,Craft,Crimson Flame Nunchaku,SR,https://cdn-zeroluck-gg.b-cdn.net/7dso/SevenDeadlySins/Assets/Content/UIImg/Icon_Item/Weapon/cudgel3c_0304.png?class=iconmd,scraper_output/images/weapons/Craft.png,https://zeroluck.gg/7dso/weapons/crimson-flame-nunchaku/
crimson-flame-rapier,Craft,Crimson Flame Rapier,SR,https://cdn-zeroluck-gg.b-cdn.net/7dso/SevenDeadlySins/Assets/Content/UIImg/Icon_Item/Weapon/rapier_0304.png?class=iconmd,scraper_output/images/weapons/Craft.png,https://zeroluck.gg/7dso/weapons/crimson-flame-rapier/
crimson-flame-staff,Craft,Crimson Flame Staff,SR,https://cdn-zeroluck-gg.b-cdn.net/7dso/SevenDeadlySins/Assets/Content/UIImg/Icon_Item/Weapon/Staff_0304.png?class=iconmd,scraper_output/images/weapons/Craft.png,https://zeroluck.gg/7dso/weapons/crimson-flame-staff/
crimson-flame-sword-and-shield,Craft,Crimson Flame Sword and Shield,SR,https://cdn-zeroluck-gg.b-cdn.net/7dso/SevenDeadlySins/Assets/Content/UIImg/Icon_Item/Weapon/shield_0304.png?class=iconmd,scraper_output/images/weapons/Craft.png,https://zeroluck.gg/7dso/weapons/crimson-flame-sword-and-shield/
crimson-flame-wand,Craft,Crimson Flame Wand,SR,https://cdn-zeroluck-gg.b-cdn.net/7dso/SevenDeadlySins/Assets/Content/UIImg/Icon_Item/Weapon/wand_0304.png?class=iconmd,scraper_output/images/weapons/Craft.png,https://zeroluck.gg/7dso/weapons/crimson-flame-wand/
dark-clouds-enhancement-staff,Craft,Dark Clouds Enhancement Staff,SR,https://cdn-zeroluck-gg.b-cdn.net/7dso/SevenDeadlySins/Assets/Content/UIImg/Icon_Item/Weapon/Staff_3013.png?class=iconmd,scraper_output/images/weapons/Craft.png,https://zeroluck.gg/7dso/weapons/dark-clouds-enhancement-staff/
dead-spirit-s-breath-nunchaku,Craft,Dead Spirit's Breath Nunchaku,SR,https://cdn-zeroluck-gg.b-cdn.net/7dso/SevenDeadlySins/Assets/Content/UIImg/Icon_Item/Weapon/Cudgel3c_3025.png?class=iconmd,scraper_output/images/weapons/Craft.png,https://zeroluck.gg/7dso/weapons/dead-spirit-s-breath-nunchaku/
jet-black-axe,Jet-black Axe,Axe,SR,https://cdn-zeroluck-gg.b-cdn.net/7dso/SevenDeadlySins/Assets/Content/UIImg/Icon_Item/Weapon/Axe_0306.png?class=iconmd,scraper_output/images/weapons/Jet-black_Axe.png,https://zeroluck.gg/7dso/weapons/jet-black-axe/
jet-black-dual-swords,Jet-black Dual Swords,Dual Swords,SR,https://cdn-zeroluck-gg.b-cdn.net/7dso/SevenDeadlySins/Assets/Content/UIImg/Icon_Item/Weapon/SwordDual_0306.png?class=iconmd,scraper_output/images/weapons/Jet-black_Dual_Swords.png,https://zeroluck.gg/7dso/weapons/jet-black-dual-swords/
jet-black-gauntlets,Jet-black Gauntlets,Gauntlets,SR,https://cdn-zeroluck-gg.b-cdn.net/7dso/SevenDeadlySins/Assets/Content/UIImg/Icon_Item/Weapon/gauntlets_0306.png?class=iconmd,scraper_output/images/weapons/Jet-black_Gauntlets.png,https://zeroluck.gg/7dso/weapons/jet-black-gauntlets/
jet-black-greatsword,Jet-black Greatsword,Two-Handed Sword,SR,https://cdn-zeroluck-gg.b-cdn.net/7dso/SevenDeadlySins/Assets/Content/UIImg/Icon_Item/Weapon/sword2h_0306.png?class=iconmd,scraper_output/images/weapons/Jet-black_Greatsword.png,https://zeroluck.gg/7dso/weapons/jet-black-greatsword/
jet-black-grimoire,Jet-black Grimoire,Book,SR,https://cdn-zeroluck-gg.b-cdn.net/7dso/SevenDeadlySins/Assets/Content/UIImg/Icon_Item/Weapon/Book_0306.png?class=iconmd,scraper_output/images/weapons/Jet-black_Grimoire.png,https://zeroluck.gg/7dso/weapons/jet-black-grimoire/
jet-black-lance,Jet-black Lance,Lance,SR,https://cdn-zeroluck-gg.b-cdn.net/7dso/SevenDeadlySins/Assets/Content/UIImg/Icon_Item/Weapon/lance_0306.png?class=iconmd,scraper_output/images/weapons/Jet-black_Lance.png,https://zeroluck.gg/7dso/weapons/jet-black-lance/
jet-black-longsword,Jet-black Longsword,One-Handed Sword,SR,https://cdn-zeroluck-gg.b-cdn.net/7dso/SevenDeadlySins/Assets/Content/UIImg/Icon_Item/Weapon/sword1h_0306.png?class=iconmd,scraper_output/images/weapons/Jet-black_Longsword.png,https://zeroluck.gg/7dso/weapons/jet-black-longsword/
jet-black-nunchaku,Jet-black Nunchaku,Cudgel,SR,https://cdn-zeroluck-gg.b-cdn.net/7dso/SevenDeadlySins/Assets/Content/UIImg/Icon_Item/Weapon/cudgel3c_0306.png?class=iconmd,scraper_output/images/weapons/Jet-black_Nunchaku.png,https://zeroluck.gg/7dso/weapons/jet-black-nunchaku/
jet-black-rapier,Jet-black Rapier,Rapier,SR,https://cdn-zeroluck-gg.b-cdn.net/7dso/SevenDeadlySins/Assets/Content/UIImg/Icon_Item/Weapon/rapier_0306.png?class=iconmd,scraper_output/images/weapons/Jet-black_Rapier.png,https://zeroluck.gg/7dso/weapons/jet-black-rapier/
jet-black-staff,Jet-black Staff,END WEAPON,SR,https://cdn-zeroluck-gg.b-cdn.net/7dso/SevenDeadlySins/Assets/Content/UIImg/Icon_Item/Weapon/Staff_0306.png?class=iconmd,scraper_output/images/weapons/Jet-black_Staff.png,https://zeroluck.gg/7dso/weapons/jet-black-staff/
jet-black-sword-and-shield,Jet-black Sword and Shield,Shield,SR,https://cdn-zeroluck-gg.b-cdn.net/7dso/SevenDeadlySins/Assets/Content/UIImg/Icon_Item/Weapon/shield_0306.png?class=iconmd,scraper_output/images/weapons/Jet-black_Sword_and_Shield.png,https://zeroluck.gg/7dso/weapons/jet-black-sword-and-shield/
jet-black-wand,Jet-black Wand,Wand,SR,https://cdn-zeroluck-gg.b-cdn.net/7dso/SevenDeadlySins/Assets/Content/UIImg/Icon_Item/Weapon/wand_0306.png?class=iconmd,scraper_output/images/weapons/Jet-black_Wand.png,https://zeroluck.gg/7dso/weapons/jet-black-wand/
melody-of-temptation-grimoire,Craft,Melody of Temptation Grimoire,SR,https://cdn-zeroluck-gg.b-cdn.net/7dso/SevenDeadlySins/Assets/Content/UIImg/Icon_Item/Weapon/Book_3019.png?class=iconmd,scraper_output/images/weapons/Craft.png,https://zeroluck.gg/7dso/weapons/melody-of-temptation-grimoire/
razorwind-wand,Craft,Razorwind Wand,SR,https://cdn-zeroluck-gg.b-cdn.net/7dso/SevenDeadlySins/Assets/Content/UIImg/Icon_Item/Weapon/Wand_3013.png?class=iconmd,scraper_output/images/weapons/Craft.png,https://zeroluck.gg/7dso/weapons/razorwind-wand/
ruler-of-the-forest-axe,Craft,Ruler of the Forest Axe,SR,https://cdn-zeroluck-gg.b-cdn.net/7dso/SevenDeadlySins/Assets/Content/UIImg/Icon_Item/Weapon/Axe_3013.png?class=iconmd,scraper_output/images/weapons/Craft.png,https://zeroluck.gg/7dso/weapons/ruler-of-the-forest-axe/
skyborne-gale-dual-swords,Craft,Skyborne Gale Dual Swords,SR,https://cdn-zeroluck-gg.b-cdn.net/7dso/SevenDeadlySins/Assets/Content/UIImg/Icon_Item/Weapon/SwordDual_3013.png?class=iconmd,scraper_output/images/weapons/Craft.png,https://zeroluck.gg/7dso/weapons/skyborne-gale-dual-swords/
thorn-of-greed-lance,Craft,Thorn of Greed Lance,SR,https://cdn-zeroluck-gg.b-cdn.net/7dso/SevenDeadlySins/Assets/Content/UIImg/Icon_Item/Weapon/Lance_3016.png?class=iconmd,scraper_output/images/weapons/Craft.png,https://zeroluck.gg/7dso/weapons/thorn-of-greed-lance/
unyielding-spirit-sword-and-shield,Craft,Unyielding Spirit Sword and Shield,SR,https://cdn-zeroluck-gg.b-cdn.net/7dso/SevenDeadlySins/Assets/Content/UIImg/Icon_Item/Weapon/Shield_3016.png?class=iconmd,scraper_output/images/weapons/Craft.png,https://zeroluck.gg/7dso/weapons/unyielding-spirit-sword-and-shield/
adventurer-s-axe-3,Adventurer's Axe,Axe,Rare,https://cdn-zeroluck-gg.b-cdn.net/7dso/SevenDeadlySins/Assets/Content/UIImg/Icon_Item/Weapon/Axe_0101.png?class=iconmd,scraper_output/images/weapons/Adventurer_s_Axe.png,https://zeroluck.gg/7dso/weapons/adventurer-s-axe-3/
adventurer-s-dual-swords-3,Drop,Adventurer's Dual Swords,Rare,https://cdn-zeroluck-gg.b-cdn.net/7dso/SevenDeadlySins/Assets/Content/UIImg/Icon_Item/Weapon/swordDual_0101.png?class=iconmd,scraper_output/images/weapons/Drop.png,https://zeroluck.gg/7dso/weapons/adventurer-s-dual-swords-3/
adventurer-s-gauntlets-3,Adventurer's Gauntlets,Gauntlets,Rare,https://cdn-zeroluck-gg.b-cdn.net/7dso/SevenDeadlySins/Assets/Content/UIImg/Icon_Item/Weapon/gauntlets_0101.png?class=iconmd,scraper_output/images/weapons/Adventurer_s_Gauntlets.png,https://zeroluck.gg/7dso/weapons/adventurer-s-gauntlets-3/
adventurer-s-greatsword-3,Drop,Adventurer's Greatsword,Rare,https://cdn-zeroluck-gg.b-cdn.net/7dso/SevenDeadlySins/Assets/Content/UIImg/Icon_Item/Weapon/sword2H_0101.png?class=iconmd,scraper_output/images/weapons/Drop.png,https://zeroluck.gg/7dso/weapons/adventurer-s-greatsword-3/
adventurer-s-grimoire-3,Drop,Adventurer's Grimoire,Rare,https://cdn-zeroluck-gg.b-cdn.net/7dso/SevenDeadlySins/Assets/Content/UIImg/Icon_Item/Weapon/book_0101.png?class=iconmd,scraper_output/images/weapons/Drop.png,https://zeroluck.gg/7dso/weapons/adventurer-s-grimoire-3/
adventurer-s-lance-3,Drop,Adventurer's Lance,Rare,https://cdn-zeroluck-gg.b-cdn.net/7dso/SevenDeadlySins/Assets/Content/UIImg/Icon_Item/Weapon/lance_0101.png?class=iconmd,scraper_output/images/weapons/Drop.png,https://zeroluck.gg/7dso/weapons/adventurer-s-lance-3/
adventurer-s-longsword-3,Drop,Adventurer's Longsword,Rare,https://cdn-zeroluck-gg.b-cdn.net/7dso/SevenDeadlySins/Assets/Content/UIImg/Icon_Item/Weapon/sword1h_0101.png?class=iconmd,scraper_output/images/weapons/Drop.png,https://zeroluck.gg/7dso/weapons/adventurer-s-longsword-3/
adventurer-s-nunchaku-3,Adventurer's Nunchaku,Cudgel,Rare,https://cdn-zeroluck-gg.b-cdn.net/7dso/SevenDeadlySins/Assets/Content/UIImg/Icon_Item/Weapon/cudgel3c_0101.png?class=iconmd,scraper_output/images/weapons/Adventurer_s_Nunchaku.png,https://zeroluck.gg/7dso/weapons/adventurer-s-nunchaku-3/
adventurer-s-rapier-3,Drop,Adventurer's Rapier,Rare,https://cdn-zeroluck-gg.b-cdn.net/7dso/SevenDeadlySins/Assets/Content/UIImg/Icon_Item/Weapon/rapier_0101.png?class=iconmd,scraper_output/images/weapons/Drop.png,https://zeroluck.gg/7dso/weapons/adventurer-s-rapier-3/
adventurer-s-staff-3,Drop,Adventurer's Staff,Rare,https://cdn-zeroluck-gg.b-cdn.net/7dso/SevenDeadlySins/Assets/Content/UIImg/Icon_Item/Weapon/staff_0101.png?class=iconmd,scraper_output/images/weapons/Drop.png,https://zeroluck.gg/7dso/weapons/adventurer-s-staff-3/
adventurer-s-sword-and-shield-3,Drop,Adventurer's Sword and Shield,Rare,https://cdn-zeroluck-gg.b-cdn.net/7dso/SevenDeadlySins/Assets/Content/UIImg/Icon_Item/Weapon/shield_0101.png?class=iconmd,scraper_output/images/weapons/Drop.png,https://zeroluck.gg/7dso/weapons/adventurer-s-sword-and-shield-3/
adventurer-s-wand-3,Drop,Adventurer's Wand,Rare,https://cdn-zeroluck-gg.b-cdn.net/7dso/SevenDeadlySins/Assets/Content/UIImg/Icon_Item/Weapon/wand_0101.png?class=iconmd,scraper_output/images/weapons/Drop.png,https://zeroluck.gg/7dso/weapons/adventurer-s-wand-3/
artisan-s-fine-axe-3,Artisan's Fine Axe,Axe,Rare,https://cdn-zeroluck-gg.b-cdn.net/7dso/SevenDeadlySins/Assets/Content/UIImg/Icon_Item/Weapon/Axe_0202.png?class=iconmd,scraper_output/images/weapons/Artisan_s_Fine_Axe.png,https://zeroluck.gg/7dso/weapons/artisan-s-fine-axe-3/
artisan-s-fine-dual-swords-3,Artisan's Fine Dual Swords,Dual Swords,Rare,https://cdn-zeroluck-gg.b-cdn.net/7dso/SevenDeadlySins/Assets/Content/UIImg/Icon_Item/Weapon/SwordDual_0202.png?class=iconmd,scraper_output/images/weapons/Artisan_s_Fine_Dual_Swords.png,https://zeroluck.gg/7dso/weapons/artisan-s-fine-dual-swords-3/
artisan-s-fine-gauntlets-3,Artisan's Fine Gauntlets,Gauntlets,Rare,https://cdn-zeroluck-gg.b-cdn.net/7dso/SevenDeadlySins/Assets/Content/UIImg/Icon_Item/Weapon/gauntlets_0202.png?class=iconmd,scraper_output/images/weapons/Artisan_s_Fine_Gauntlets.png,https://zeroluck.gg/7dso/weapons/artisan-s-fine-gauntlets-3/
artisan-s-fine-greatsword-3,Artisan's Fine Greatsword,Two-Handed Sword,Rare,https://cdn-zeroluck-gg.b-cdn.net/7dso/SevenDeadlySins/Assets/Content/UIImg/Icon_Item/Weapon/sword2h_0202.png?class=iconmd,scraper_output/images/weapons/Artisan_s_Fine_Greatsword.png,https://zeroluck.gg/7dso/weapons/artisan-s-fine-greatsword-3/
artisan-s-fine-grimoire-3,Drop,Artisan's Fine Grimoire,Rare,https://cdn-zeroluck-gg.b-cdn.net/7dso/SevenDeadlySins/Assets/Content/UIImg/Icon_Item/Weapon/Book_0202.png?class=iconmd,scraper_output/images/weapons/Drop.png,https://zeroluck.gg/7dso/weapons/artisan-s-fine-grimoire-3/
artisan-s-fine-lance-3,Drop,Artisan's Fine Lance,Rare,https://cdn-zeroluck-gg.b-cdn.net/7dso/SevenDeadlySins/Assets/Content/UIImg/Icon_Item/Weapon/lance_0202.png?class=iconmd,scraper_output/images/weapons/Drop.png,https://zeroluck.gg/7dso/weapons/artisan-s-fine-lance-3/
artisan-s-fine-longsword-3,Artisan's Fine Longsword,One-Handed Sword,Rare,https://cdn-zeroluck-gg.b-cdn.net/7dso/SevenDeadlySins/Assets/Content/UIImg/Icon_Item/Weapon/sword1h_0202.png?class=iconmd,scraper_output/images/weapons/Artisan_s_Fine_Longsword.png,https://zeroluck.gg/7dso/weapons/artisan-s-fine-longsword-3/
artisan-s-fine-nunchaku-3,Artisan's Fine Nunchaku,Cudgel,Rare,https://cdn-zeroluck-gg.b-cdn.net/7dso/SevenDeadlySins/Assets/Content/UIImg/Icon_Item/Weapon/cudgel3c_0202.png?class=iconmd,scraper_output/images/weapons/Artisan_s_Fine_Nunchaku.png,https://zeroluck.gg/7dso/weapons/artisan-s-fine-nunchaku-3/
artisan-s-fine-rapier-3,Drop,Artisan's Fine Rapier,Rare,https://cdn-zeroluck-gg.b-cdn.net/7dso/SevenDeadlySins/Assets/Content/UIImg/Icon_Item/Weapon/rapier_0202.png?class=iconmd,scraper_output/images/weapons/Drop.png,https://zeroluck.gg/7dso/weapons/artisan-s-fine-rapier-3/
artisan-s-fine-staff-3,Drop,Artisan's Fine Staff,Rare,https://cdn-zeroluck-gg.b-cdn.net/7dso/SevenDeadlySins/Assets/Content/UIImg/Icon_Item/Weapon/Staff_0202.png?class=iconmd,scraper_output/images/weapons/Drop.png,https://zeroluck.gg/7dso/weapons/artisan-s-fine-staff-3/
artisan-s-fine-sword-and-shield-3,Drop,Artisan's Fine Sword and Shield,Rare,https://cdn-zeroluck-gg.b-cdn.net/7dso/SevenDeadlySins/Assets/Content/UIImg/Icon_Item/Weapon/shield_0202.png?class=iconmd,scraper_output/images/weapons/Drop.png,https://zeroluck.gg/7dso/weapons/artisan-s-fine-sword-and-shield-3/
artisan-s-fine-wand-3,Drop,Artisan's Fine Wand,Rare,https://cdn-zeroluck-gg.b-cdn.net/7dso/SevenDeadlySins/Assets/Content/UIImg/Icon_Item/Weapon/wand_0202.png?class=iconmd,scraper_output/images/weapons/Drop.png,https://zeroluck.gg/7dso/weapons/artisan-s-fine-wand-3/
blessed-axe-3,Drop,Blessed Axe,Rare,https://cdn-zeroluck-gg.b-cdn.net/7dso/SevenDeadlySins/Assets/Content/UIImg/Icon_Item/Weapon/Axe_0303.png?class=iconmd,scraper_output/images/weapons/Drop.png,https://zeroluck.gg/7dso/weapons/blessed-axe-3/
blessed-dual-swords-3,Blessed Dual Swords,Dual Swords,Rare,https://cdn-zeroluck-gg.b-cdn.net/7dso/SevenDeadlySins/Assets/Content/UIImg/Icon_Item/Weapon/SwordDual_0303.png?class=iconmd,scraper_output/images/weapons/Blessed_Dual_Swords.png,https://zeroluck.gg/7dso/weapons/blessed-dual-swords-3/
blessed-gauntlets-3,Drop,Blessed Gauntlets,Rare,https://cdn-zeroluck-gg.b-cdn.net/7dso/SevenDeadlySins/Assets/Content/UIImg/Icon_Item/Weapon/gauntlets_0303.png?class=iconmd,scraper_output/images/weapons/Drop.png,https://zeroluck.gg/7dso/weapons/blessed-gauntlets-3/
blessed-greatsword-3,Blessed Greatsword,Two-Handed Sword,Rare,https://cdn-zeroluck-gg.b-cdn.net/7dso/SevenDeadlySins/Assets/Content/UIImg/Icon_Item/Weapon/sword2h_0303.png?class=iconmd,scraper_output/images/weapons/Blessed_Greatsword.png,https://zeroluck.gg/7dso/weapons/blessed-greatsword-3/
blessed-grimoire-3,Drop,Blessed Grimoire,Rare,https://cdn-zeroluck-gg.b-cdn.net/7dso/SevenDeadlySins/Assets/Content/UIImg/Icon_Item/Weapon/Book_0303.png?class=iconmd,scraper_output/images/weapons/Drop.png,https://zeroluck.gg/7dso/weapons/blessed-grimoire-3/
blessed-lance-3,Drop,Blessed Lance,Rare,https://cdn-zeroluck-gg.b-cdn.net/7dso/SevenDeadlySins/Assets/Content/UIImg/Icon_Item/Weapon/lance_0303.png?class=iconmd,scraper_output/images/weapons/Drop.png,https://zeroluck.gg/7dso/weapons/blessed-lance-3/
blessed-longsword-3,Blessed Longsword,One-Handed Sword,Rare,https://cdn-zeroluck-gg.b-cdn.net/7dso/SevenDeadlySins/Assets/Content/UIImg/Icon_Item/Weapon/sword1h_0303.png?class=iconmd,scraper_output/images/weapons/Blessed_Longsword.png,https://zeroluck.gg/7dso/weapons/blessed-longsword-3/
blessed-nunchaku-3,Drop,Blessed Nunchaku,Rare,https://cdn-zeroluck-gg.b-cdn.net/7dso/SevenDeadlySins/Assets/Content/UIImg/Icon_Item/Weapon/cudgel3c_0303.png?class=iconmd,scraper_output/images/weapons/Drop.png,https://zeroluck.gg/7dso/weapons/blessed-nunchaku-3/
blessed-rapier-3,Drop,Blessed Rapier,Rare,https://cdn-zeroluck-gg.b-cdn.net/7dso/SevenDeadlySins/Assets/Content/UIImg/Icon_Item/Weapon/rapier_0303.png?class=iconmd,scraper_output/images/weapons/Drop.png,https://zeroluck.gg/7dso/weapons/blessed-rapier-3/
blessed-staff-3,Drop,Blessed Staff,Rare,https://cdn-zeroluck-gg.b-cdn.net/7dso/SevenDeadlySins/Assets/Content/UIImg/Icon_Item/Weapon/Staff_0303.png?class=iconmd,scraper_output/images/weapons/Drop.png,https://zeroluck.gg/7dso/weapons/blessed-staff-3/
blessed-sword-and-shield-3,Drop,Blessed Sword and Shield,Rare,https://cdn-zeroluck-gg.b-cdn.net/7dso/SevenDeadlySins/Assets/Content/UIImg/Icon_Item/Weapon/shield_0303.png?class=iconmd,scraper_output/images/weapons/Drop.png,https://zeroluck.gg/7dso/weapons/blessed-sword-and-shield-3/
blessed-wand-3,Drop,Blessed Wand,Rare,https://cdn-zeroluck-gg.b-cdn.net/7dso/SevenDeadlySins/Assets/Content/UIImg/Icon_Item/Weapon/wand_0303.png?class=iconmd,scraper_output/images/weapons/Drop.png,https://zeroluck.gg/7dso/weapons/blessed-wand-3/
guardian-s-axe-3,Drop,Guardian's Axe,Rare,https://cdn-zeroluck-gg.b-cdn.net/7dso/SevenDeadlySins/Assets/Content/UIImg/Icon_Item/Weapon/Axe_0201.png?class=iconmd,scraper_output/images/weapons/Drop.png,https://zeroluck.gg/7dso/weapons/guardian-s-axe-3/
guardian-s-dual-swords-3,Drop,Guardian's Dual Swords,Rare,https://cdn-zeroluck-gg.b-cdn.net/7dso/SevenDeadlySins/Assets/Content/UIImg/Icon_Item/Weapon/SwordDual_0201.png?class=iconmd,scraper_output/images/weapons/Drop.png,https://zeroluck.gg/7dso/weapons/guardian-s-dual-swords-3/
guardian-s-gauntlets-3,Drop,Guardian's Gauntlets,Rare,https://cdn-zeroluck-gg.b-cdn.net/7dso/SevenDeadlySins/Assets/Content/UIImg/Icon_Item/Weapon/gauntlets_0201.png?class=iconmd,scraper_output/images/weapons/Drop.png,https://zeroluck.gg/7dso/weapons/guardian-s-gauntlets-3/
guardian-s-greatsword-3,Drop,Guardian's Greatsword,Rare,https://cdn-zeroluck-gg.b-cdn.net/7dso/SevenDeadlySins/Assets/Content/UIImg/Icon_Item/Weapon/sword2h_0201.png?class=iconmd,scraper_output/images/weapons/Drop.png,https://zeroluck.gg/7dso/weapons/guardian-s-greatsword-3/
guardian-s-grimoire-3,Guardian's Grimoire,Book,Rare,https://cdn-zeroluck-gg.b-cdn.net/7dso/SevenDeadlySins/Assets/Content/UIImg/Icon_Item/Weapon/Book_0201.png?class=iconmd,scraper_output/images/weapons/Guardian_s_Grimoire.png,https://zeroluck.gg/7dso/weapons/guardian-s-grimoire-3/
guardian-s-lance-3,Drop,Guardian's Lance,Rare,https://cdn-zeroluck-gg.b-cdn.net/7dso/SevenDeadlySins/Assets/Content/UIImg/Icon_Item/Weapon/lance_0201.png?class=iconmd,scraper_output/images/weapons/Drop.png,https://zeroluck.gg/7dso/weapons/guardian-s-lance-3/
guardian-s-longsword-3,Drop,Guardian's Longsword,Rare,https://cdn-zeroluck-gg.b-cdn.net/7dso/SevenDeadlySins/Assets/Content/UIImg/Icon_Item/Weapon/sword1h_0201.png?class=iconmd,scraper_output/images/weapons/Drop.png,https://zeroluck.gg/7dso/weapons/guardian-s-longsword-3/
guardian-s-nunchaku-3,Drop,Guardian's Nunchaku,Rare,https://cdn-zeroluck-gg.b-cdn.net/7dso/SevenDeadlySins/Assets/Content/UIImg/Icon_Item/Weapon/cudgel3c_0201.png?class=iconmd,scraper_output/images/weapons/Drop.png,https://zeroluck.gg/7dso/weapons/guardian-s-nunchaku-3/
guardian-s-rapier-3,Drop,Guardian's Rapier,Rare,https://cdn-zeroluck-gg.b-cdn.net/7dso/SevenDeadlySins/Assets/Content/UIImg/Icon_Item/Weapon/rapier_0201.png?class=iconmd,scraper_output/images/weapons/Drop.png,https://zeroluck.gg/7dso/weapons/guardian-s-rapier-3/
guardian-s-staff-3,Guardian's Staff,END WEAPON,Rare,https://cdn-zeroluck-gg.b-cdn.net/7dso/SevenDeadlySins/Assets/Content/UIImg/Icon_Item/Weapon/Staff_0201.png?class=iconmd,scraper_output/images/weapons/Guardian_s_Staff.png,https://zeroluck.gg/7dso/weapons/guardian-s-staff-3/
guardian-s-sword-and-shield-3,Drop,Guardian's Sword and Shield,Rare,https://cdn-zeroluck-gg.b-cdn.net/7dso/SevenDeadlySins/Assets/Content/UIImg/Icon_Item/Weapon/shield_0201.png?class=iconmd,scraper_output/images/weapons/Drop.png,https://zeroluck.gg/7dso/weapons/guardian-s-sword-and-shield-3/
guardian-s-wand-3,Guardian's Wand,Wand,Rare,https://cdn-zeroluck-gg.b-cdn.net/7dso/SevenDeadlySins/Assets/Content/UIImg/Icon_Item/Weapon/wand_0201.png?class=iconmd,scraper_output/images/weapons/Guardian_s_Wand.png,https://zeroluck.gg/7dso/weapons/guardian-s-wand-3/
pursuer-s-axe-3,Drop,Pursuer's Axe,Rare,https://cdn-zeroluck-gg.b-cdn.net/7dso/SevenDeadlySins/Assets/Content/UIImg/Icon_Item/Weapon/Axe_0305.png?class=iconmd,scraper_output/images/weapons/Drop.png,https://zeroluck.gg/7dso/weapons/pursuer-s-axe-3/
pursuer-s-dual-swords-3,Drop,Pursuer's Dual Swords,Rare,https://cdn-zeroluck-gg.b-cdn.net/7dso/SevenDeadlySins/Assets/Content/UIImg/Icon_Item/Weapon/SwordDual_0305.png?class=iconmd,scraper_output/images/weapons/Drop.png,https://zeroluck.gg/7dso/weapons/pursuer-s-dual-swords-3/
pursuer-s-gauntlets-3,Drop,Pursuer's Gauntlets,Rare,https://cdn-zeroluck-gg.b-cdn.net/7dso/SevenDeadlySins/Assets/Content/UIImg/Icon_Item/Weapon/gauntlets_0305.png?class=iconmd,scraper_output/images/weapons/Drop.png,https://zeroluck.gg/7dso/weapons/pursuer-s-gauntlets-3/
pursuer-s-greatsword-3,Drop,Pursuer's Greatsword,Rare,https://cdn-zeroluck-gg.b-cdn.net/7dso/SevenDeadlySins/Assets/Content/UIImg/Icon_Item/Weapon/sword2h_0305.png?class=iconmd,scraper_output/images/weapons/Drop.png,https://zeroluck.gg/7dso/weapons/pursuer-s-greatsword-3/
pursuer-s-grimoire-3,Drop,Pursuer's Grimoire,Rare,https://cdn-zeroluck-gg.b-cdn.net/7dso/SevenDeadlySins/Assets/Content/UIImg/Icon_Item/Weapon/Book_0305.png?class=iconmd,scraper_output/images/weapons/Drop.png,https://zeroluck.gg/7dso/weapons/pursuer-s-grimoire-3/
pursuer-s-lance-3,Pursuer's Lance,Lance,Rare,https://cdn-zeroluck-gg.b-cdn.net/7dso/SevenDeadlySins/Assets/Content/UIImg/Icon_Item/Weapon/lance_0305.png?class=iconmd,scraper_output/images/weapons/Pursuer_s_Lance.png,https://zeroluck.gg/7dso/weapons/pursuer-s-lance-3/
pursuer-s-longsword-3,Drop,Pursuer's Longsword,Rare,https://cdn-zeroluck-gg.b-cdn.net/7dso/SevenDeadlySins/Assets/Content/UIImg/Icon_Item/Weapon/sword1h_0305.png?class=iconmd,scraper_output/images/weapons/Drop.png,https://zeroluck.gg/7dso/weapons/pursuer-s-longsword-3/
pursuer-s-nunchaku-3,Drop,Pursuer's Nunchaku,Rare,https://cdn-zeroluck-gg.b-cdn.net/7dso/SevenDeadlySins/Assets/Content/UIImg/Icon_Item/Weapon/cudgel3c_0305.png?class=iconmd,scraper_output/images/weapons/Drop.png,https://zeroluck.gg/7dso/weapons/pursuer-s-nunchaku-3/
pursuer-s-rapier-3,Pursuer's Rapier,Rapier,Rare,https://cdn-zeroluck-gg.b-cdn.net/7dso/SevenDeadlySins/Assets/Content/UIImg/Icon_Item/Weapon/rapier_0305.png?class=iconmd,scraper_output/images/weapons/Pursuer_s_Rapier.png,https://zeroluck.gg/7dso/weapons/pursuer-s-rapier-3/
pursuer-s-staff-3,Drop,Pursuer's Staff,Rare,https://cdn-zeroluck-gg.b-cdn.net/7dso/SevenDeadlySins/Assets/Content/UIImg/Icon_Item/Weapon/Staff_0305.png?class=iconmd,scraper_output/images/weapons/Drop.png,https://zeroluck.gg/7dso/weapons/pursuer-s-staff-3/
pursuer-s-sword-and-shield-3,Pursuer's Sword and Shield,Shield,Rare,https://cdn-zeroluck-gg.b-cdn.net/7dso/SevenDeadlySins/Assets/Content/UIImg/Icon_Item/Weapon/shield_0305.png?class=iconmd,scraper_output/images/weapons/Pursuer_s_Sword_and_Shield.png,https://zeroluck.gg/7dso/weapons/pursuer-s-sword-and-shield-3/
pursuer-s-wand-3,Drop,Pursuer's Wand,Rare,https://cdn-zeroluck-gg.b-cdn.net/7dso/SevenDeadlySins/Assets/Content/UIImg/Icon_Item/Weapon/wand_0305.png?class=iconmd,scraper_output/images/weapons/Drop.png,https://zeroluck.gg/7dso/weapons/pursuer-s-wand-3/
adventurer-s-axe-2,Drop,Adventurer's Axe,C,https://cdn-zeroluck-gg.b-cdn.net/7dso/SevenDeadlySins/Assets/Content/UIImg/Icon_Item/Weapon/Axe_0101.png?class=iconmd,scraper_output/images/weapons/Drop.png,https://zeroluck.gg/7dso/weapons/adventurer-s-axe-2/
adventurer-s-dual-swords-2,Drop,Adventurer's Dual Swords,C,https://cdn-zeroluck-gg.b-cdn.net/7dso/SevenDeadlySins/Assets/Content/UIImg/Icon_Item/Weapon/swordDual_0101.png?class=iconmd,scraper_output/images/weapons/Drop.png,https://zeroluck.gg/7dso/weapons/adventurer-s-dual-swords-2/
adventurer-s-gauntlets-2,Drop,Adventurer's Gauntlets,C,https://cdn-zeroluck-gg.b-cdn.net/7dso/SevenDeadlySins/Assets/Content/UIImg/Icon_Item/Weapon/gauntlets_0101.png?class=iconmd,scraper_output/images/weapons/Drop.png,https://zeroluck.gg/7dso/weapons/adventurer-s-gauntlets-2/
adventurer-s-greatsword-2,Drop,Adventurer's Greatsword,C,https://cdn-zeroluck-gg.b-cdn.net/7dso/SevenDeadlySins/Assets/Content/UIImg/Icon_Item/Weapon/sword2H_0101.png?class=iconmd,scraper_output/images/weapons/Drop.png,https://zeroluck.gg/7dso/weapons/adventurer-s-greatsword-2/
adventurer-s-grimoire-2,Drop,Adventurer's Grimoire,C,https://cdn-zeroluck-gg.b-cdn.net/7dso/SevenDeadlySins/Assets/Content/UIImg/Icon_Item/Weapon/book_0101.png?class=iconmd,scraper_output/images/weapons/Drop.png,https://zeroluck.gg/7dso/weapons/adventurer-s-grimoire-2/
adventurer-s-lance-2,Drop,Adventurer's Lance,C,https://cdn-zeroluck-gg.b-cdn.net/7dso/SevenDeadlySins/Assets/Content/UIImg/Icon_Item/Weapon/lance_0101.png?class=iconmd,scraper_output/images/weapons/Drop.png,https://zeroluck.gg/7dso/weapons/adventurer-s-lance-2/
adventurer-s-longsword-2,Drop,Adventurer's Longsword,C,https://cdn-zeroluck-gg.b-cdn.net/7dso/SevenDeadlySins/Assets/Content/UIImg/Icon_Item/Weapon/sword1h_0101.png?class=iconmd,scraper_output/images/weapons/Drop.png,https://zeroluck.gg/7dso/weapons/adventurer-s-longsword-2/
adventurer-s-nunchaku-2,Drop,Adventurer's Nunchaku,C,https://cdn-zeroluck-gg.b-cdn.net/7dso/SevenDeadlySins/Assets/Content/UIImg/Icon_Item/Weapon/cudgel3c_0101.png?class=iconmd,scraper_output/images/weapons/Drop.png,https://zeroluck.gg/7dso/weapons/adventurer-s-nunchaku-2/
adventurer-s-rapier-2,Drop,Adventurer's Rapier,C,https://cdn-zeroluck-gg.b-cdn.net/7dso/SevenDeadlySins/Assets/Content/UIImg/Icon_Item/Weapon/rapier_0101.png?class=iconmd,scraper_output/images/weapons/Drop.png,https://zeroluck.gg/7dso/weapons/adventurer-s-rapier-2/
adventurer-s-staff-2,Drop,Adventurer's Staff,C,https://cdn-zeroluck-gg.b-cdn.net/7dso/SevenDeadlySins/Assets/Content/UIImg/Icon_Item/Weapon/staff_0101.png?class=iconmd,scraper_output/images/weapons/Drop.png,https://zeroluck.gg/7dso/weapons/adventurer-s-staff-2/
adventurer-s-sword-and-shield-2,Drop,Adventurer's Sword and Shield,C,https://cdn-zeroluck-gg.b-cdn.net/7dso/SevenDeadlySins/Assets/Content/UIImg/Icon_Item/Weapon/shield_0101.png?class=iconmd,scraper_output/images/weapons/Drop.png,https://zeroluck.gg/7dso/weapons/adventurer-s-sword-and-shield-2/
adventurer-s-wand-2,Drop,Adventurer's Wand,C,https://cdn-zeroluck-gg.b-cdn.net/7dso/SevenDeadlySins/Assets/Content/UIImg/Icon_Item/Weapon/wand_0101.png?class=iconmd,scraper_output/images/weapons/Drop.png,https://zeroluck.gg/7dso/weapons/adventurer-s-wand-2/
artisan-s-fine-axe-2,Drop,Artisan's Fine Axe,C,https://cdn-zeroluck-gg.b-cdn.net/7dso/SevenDeadlySins/Assets/Content/UIImg/Icon_Item/Weapon/Axe_0202.png?class=iconmd,scraper_output/images/weapons/Drop.png,https://zeroluck.gg/7dso/weapons/artisan-s-fine-axe-2/
artisan-s-fine-dual-swords-2,Drop,Artisan's Fine Dual Swords,C,https://cdn-zeroluck-gg.b-cdn.net/7dso/SevenDeadlySins/Assets/Content/UIImg/Icon_Item/Weapon/SwordDual_0202.png?class=iconmd,scraper_output/images/weapons/Drop.png,https://zeroluck.gg/7dso/weapons/artisan-s-fine-dual-swords-2/
artisan-s-fine-gauntlets-2,Drop,Artisan's Fine Gauntlets,C,https://cdn-zeroluck-gg.b-cdn.net/7dso/SevenDeadlySins/Assets/Content/UIImg/Icon_Item/Weapon/gauntlets_0202.png?class=iconmd,scraper_output/images/weapons/Drop.png,https://zeroluck.gg/7dso/weapons/artisan-s-fine-gauntlets-2/
artisan-s-fine-greatsword-2,Drop,Artisan's Fine Greatsword,C,https://cdn-zeroluck-gg.b-cdn.net/7dso/SevenDeadlySins/Assets/Content/UIImg/Icon_Item/Weapon/sword2h_0202.png?class=iconmd,scraper_output/images/weapons/Drop.png,https://zeroluck.gg/7dso/weapons/artisan-s-fine-greatsword-2/
artisan-s-fine-grimoire-2,Drop,Artisan's Fine Grimoire,C,https://cdn-zeroluck-gg.b-cdn.net/7dso/SevenDeadlySins/Assets/Content/UIImg/Icon_Item/Weapon/Book_0202.png?class=iconmd,scraper_output/images/weapons/Drop.png,https://zeroluck.gg/7dso/weapons/artisan-s-fine-grimoire-2/
artisan-s-fine-lance-2,Drop,Artisan's Fine Lance,C,https://cdn-zeroluck-gg.b-cdn.net/7dso/SevenDeadlySins/Assets/Content/UIImg/Icon_Item/Weapon/lance_0202.png?class=iconmd,scraper_output/images/weapons/Drop.png,https://zeroluck.gg/7dso/weapons/artisan-s-fine-lance-2/
artisan-s-fine-longsword-2,Drop,Artisan's Fine Longsword,C,https://cdn-zeroluck-gg.b-cdn.net/7dso/SevenDeadlySins/Assets/Content/UIImg/Icon_Item/Weapon/sword1h_0202.png?class=iconmd,scraper_output/images/weapons/Drop.png,https://zeroluck.gg/7dso/weapons/artisan-s-fine-longsword-2/
artisan-s-fine-nunchaku-2,Drop,Artisan's Fine Nunchaku,C,https://cdn-zeroluck-gg.b-cdn.net/7dso/SevenDeadlySins/Assets/Content/UIImg/Icon_Item/Weapon/cudgel3c_0202.png?class=iconmd,scraper_output/images/weapons/Drop.png,https://zeroluck.gg/7dso/weapons/artisan-s-fine-nunchaku-2/
artisan-s-fine-rapier-2,Drop,Artisan's Fine Rapier,C,https://cdn-zeroluck-gg.b-cdn.net/7dso/SevenDeadlySins/Assets/Content/UIImg/Icon_Item/Weapon/rapier_0202.png?class=iconmd,scraper_output/images/weapons/Drop.png,https://zeroluck.gg/7dso/weapons/artisan-s-fine-rapier-2/
artisan-s-fine-staff-2,Drop,Artisan's Fine Staff,C,https://cdn-zeroluck-gg.b-cdn.net/7dso/SevenDeadlySins/Assets/Content/UIImg/Icon_Item/Weapon/Staff_0202.png?class=iconmd,scraper_output/images/weapons/Drop.png,https://zeroluck.gg/7dso/weapons/artisan-s-fine-staff-2/
artisan-s-fine-sword-and-shield-2,Drop,Artisan's Fine Sword and Shield,C,https://cdn-zeroluck-gg.b-cdn.net/7dso/SevenDeadlySins/Assets/Content/UIImg/Icon_Item/Weapon/shield_0202.png?class=iconmd,scraper_output/images/weapons/Drop.png,https://zeroluck.gg/7dso/weapons/artisan-s-fine-sword-and-shield-2/
artisan-s-fine-wand-2,Drop,Artisan's Fine Wand,C,https://cdn-zeroluck-gg.b-cdn.net/7dso/SevenDeadlySins/Assets/Content/UIImg/Icon_Item/Weapon/wand_0202.png?class=iconmd,scraper_output/images/weapons/Drop.png,https://zeroluck.gg/7dso/weapons/artisan-s-fine-wand-2/
blessed-axe-2,Drop,Blessed Axe,C,https://cdn-zeroluck-gg.b-cdn.net/7dso/SevenDeadlySins/Assets/Content/UIImg/Icon_Item/Weapon/Axe_0303.png?class=iconmd,scraper_output/images/weapons/Drop.png,https://zeroluck.gg/7dso/weapons/blessed-axe-2/
blessed-dual-swords-2,Drop,Blessed Dual Swords,C,https://cdn-zeroluck-gg.b-cdn.net/7dso/SevenDeadlySins/Assets/Content/UIImg/Icon_Item/Weapon/SwordDual_0303.png?class=iconmd,scraper_output/images/weapons/Drop.png,https://zeroluck.gg/7dso/weapons/blessed-dual-swords-2/
blessed-gauntlets-2,Drop,Blessed Gauntlets,C,https://cdn-zeroluck-gg.b-cdn.net/7dso/SevenDeadlySins/Assets/Content/UIImg/Icon_Item/Weapon/gauntlets_0303.png?class=iconmd,scraper_output/images/weapons/Drop.png,https://zeroluck.gg/7dso/weapons/blessed-gauntlets-2/
blessed-greatsword-2,Drop,Blessed Greatsword,C,https://cdn-zeroluck-gg.b-cdn.net/7dso/SevenDeadlySins/Assets/Content/UIImg/Icon_Item/Weapon/sword2h_0303.png?class=iconmd,scraper_output/images/weapons/Drop.png,https://zeroluck.gg/7dso/weapons/blessed-greatsword-2/
blessed-grimoire-2,Drop,Blessed Grimoire,C,https://cdn-zeroluck-gg.b-cdn.net/7dso/SevenDeadlySins/Assets/Content/UIImg/Icon_Item/Weapon/Book_0303.png?class=iconmd,scraper_output/images/weapons/Drop.png,https://zeroluck.gg/7dso/weapons/blessed-grimoire-2/
blessed-lance-2,Drop,Blessed Lance,C,https://cdn-zeroluck-gg.b-cdn.net/7dso/SevenDeadlySins/Assets/Content/UIImg/Icon_Item/Weapon/lance_0303.png?class=iconmd,scraper_output/images/weapons/Drop.png,https://zeroluck.gg/7dso/weapons/blessed-lance-2/
blessed-longsword-2,Drop,Blessed Longsword,C,https://cdn-zeroluck-gg.b-cdn.net/7dso/SevenDeadlySins/Assets/Content/UIImg/Icon_Item/Weapon/sword1h_0303.png?class=iconmd,scraper_output/images/weapons/Drop.png,https://zeroluck.gg/7dso/weapons/blessed-longsword-2/
blessed-nunchaku-2,Drop,Blessed Nunchaku,C,https://cdn-zeroluck-gg.b-cdn.net/7dso/SevenDeadlySins/Assets/Content/UIImg/Icon_Item/Weapon/cudgel3c_0303.png?class=iconmd,scraper_output/images/weapons/Drop.png,https://zeroluck.gg/7dso/weapons/blessed-nunchaku-2/
blessed-rapier-2,Drop,Blessed Rapier,C,https://cdn-zeroluck-gg.b-cdn.net/7dso/SevenDeadlySins/Assets/Content/UIImg/Icon_Item/Weapon/rapier_0303.png?class=iconmd,scraper_output/images/weapons/Drop.png,https://zeroluck.gg/7dso/weapons/blessed-rapier-2/
blessed-staff-2,Drop,Blessed Staff,C,https://cdn-zeroluck-gg.b-cdn.net/7dso/SevenDeadlySins/Assets/Content/UIImg/Icon_Item/Weapon/Staff_0303.png?class=iconmd,scraper_output/images/weapons/Drop.png,https://zeroluck.gg/7dso/weapons/blessed-staff-2/
blessed-sword-and-shield-2,Drop,Blessed Sword and Shield,C,https://cdn-zeroluck-gg.b-cdn.net/7dso/SevenDeadlySins/Assets/Content/UIImg/Icon_Item/Weapon/shield_0303.png?class=iconmd,scraper_output/images/weapons/Drop.png,https://zeroluck.gg/7dso/weapons/blessed-sword-and-shield-2/
blessed-wand-2,Drop,Blessed Wand,C,https://cdn-zeroluck-gg.b-cdn.net/7dso/SevenDeadlySins/Assets/Content/UIImg/Icon_Item/Weapon/wand_0303.png?class=iconmd,scraper_output/images/weapons/Drop.png,https://zeroluck.gg/7dso/weapons/blessed-wand-2/
guardian-s-axe-2,Drop,Guardian's Axe,C,https://cdn-zeroluck-gg.b-cdn.net/7dso/SevenDeadlySins/Assets/Content/UIImg/Icon_Item/Weapon/Axe_0201.png?class=iconmd,scraper_output/images/weapons/Drop.png,https://zeroluck.gg/7dso/weapons/guardian-s-axe-2/
guardian-s-dual-swords-2,Drop,Guardian's Dual Swords,C,https://cdn-zeroluck-gg.b-cdn.net/7dso/SevenDeadlySins/Assets/Content/UIImg/Icon_Item/Weapon/SwordDual_0201.png?class=iconmd,scraper_output/images/weapons/Drop.png,https://zeroluck.gg/7dso/weapons/guardian-s-dual-swords-2/
guardian-s-gauntlets-2,Drop,Guardian's Gauntlets,C,https://cdn-zeroluck-gg.b-cdn.net/7dso/SevenDeadlySins/Assets/Content/UIImg/Icon_Item/Weapon/gauntlets_0201.png?class=iconmd,scraper_output/images/weapons/Drop.png,https://zeroluck.gg/7dso/weapons/guardian-s-gauntlets-2/
guardian-s-greatsword-2,Drop,Guardian's Greatsword,C,https://cdn-zeroluck-gg.b-cdn.net/7dso/SevenDeadlySins/Assets/Content/UIImg/Icon_Item/Weapon/sword2h_0201.png?class=iconmd,scraper_output/images/weapons/Drop.png,https://zeroluck.gg/7dso/weapons/guardian-s-greatsword-2/
guardian-s-grimoire-2,Drop,Guardian's Grimoire,C,https://cdn-zeroluck-gg.b-cdn.net/7dso/SevenDeadlySins/Assets/Content/UIImg/Icon_Item/Weapon/Book_0201.png?class=iconmd,scraper_output/images/weapons/Drop.png,https://zeroluck.gg/7dso/weapons/guardian-s-grimoire-2/
guardian-s-lance-2,Drop,Guardian's Lance,C,https://cdn-zeroluck-gg.b-cdn.net/7dso/SevenDeadlySins/Assets/Content/UIImg/Icon_Item/Weapon/lance_0201.png?class=iconmd,scraper_output/images/weapons/Drop.png,https://zeroluck.gg/7dso/weapons/guardian-s-lance-2/
guardian-s-longsword-2,Drop,Guardian's Longsword,C,https://cdn-zeroluck-gg.b-cdn.net/7dso/SevenDeadlySins/Assets/Content/UIImg/Icon_Item/Weapon/sword1h_0201.png?class=iconmd,scraper_output/images/weapons/Drop.png,https://zeroluck.gg/7dso/weapons/guardian-s-longsword-2/
guardian-s-nunchaku-2,Drop,Guardian's Nunchaku,C,https://cdn-zeroluck-gg.b-cdn.net/7dso/SevenDeadlySins/Assets/Content/UIImg/Icon_Item/Weapon/cudgel3c_0201.png?class=iconmd,scraper_output/images/weapons/Drop.png,https://zeroluck.gg/7dso/weapons/guardian-s-nunchaku-2/
guardian-s-rapier-2,Drop,Guardian's Rapier,C,https://cdn-zeroluck-gg.b-cdn.net/7dso/SevenDeadlySins/Assets/Content/UIImg/Icon_Item/Weapon/rapier_0201.png?class=iconmd,scraper_output/images/weapons/Drop.png,https://zeroluck.gg/7dso/weapons/guardian-s-rapier-2/
guardian-s-staff-2,Drop,Guardian's Staff,C,https://cdn-zeroluck-gg.b-cdn.net/7dso/SevenDeadlySins/Assets/Content/UIImg/Icon_Item/Weapon/Staff_0201.png?class=iconmd,scraper_output/images/weapons/Drop.png,https://zeroluck.gg/7dso/weapons/guardian-s-staff-2/
guardian-s-sword-and-shield-2,Drop,Guardian's Sword and Shield,C,https://cdn-zeroluck-gg.b-cdn.net/7dso/SevenDeadlySins/Assets/Content/UIImg/Icon_Item/Weapon/shield_0201.png?class=iconmd,scraper_output/images/weapons/Drop.png,https://zeroluck.gg/7dso/weapons/guardian-s-sword-and-shield-2/
guardian-s-wand-2,Drop,Guardian's Wand,C,https://cdn-zeroluck-gg.b-cdn.net/7dso/SevenDeadlySins/Assets/Content/UIImg/Icon_Item/Weapon/wand_0201.png?class=iconmd,scraper_output/images/weapons/Drop.png,https://zeroluck.gg/7dso/weapons/guardian-s-wand-2/
pursuer-s-axe-2,Drop,Pursuer's Axe,C,https://cdn-zeroluck-gg.b-cdn.net/7dso/SevenDeadlySins/Assets/Content/UIImg/Icon_Item/Weapon/Axe_0305.png?class=iconmd,scraper_output/images/weapons/Drop.png,https://zeroluck.gg/7dso/weapons/pursuer-s-axe-2/
pursuer-s-dual-swords-2,Drop,Pursuer's Dual Swords,C,https://cdn-zeroluck-gg.b-cdn.net/7dso/SevenDeadlySins/Assets/Content/UIImg/Icon_Item/Weapon/SwordDual_0305.png?class=iconmd,scraper_output/images/weapons/Drop.png,https://zeroluck.gg/7dso/weapons/pursuer-s-dual-swords-2/
pursuer-s-gauntlets-2,Drop,Pursuer's Gauntlets,C,https://cdn-zeroluck-gg.b-cdn.net/7dso/SevenDeadlySins/Assets/Content/UIImg/Icon_Item/Weapon/gauntlets_0305.png?class=iconmd,scraper_output/images/weapons/Drop.png,https://zeroluck.gg/7dso/weapons/pursuer-s-gauntlets-2/
pursuer-s-greatsword-2,Drop,Pursuer's Greatsword,C,https://cdn-zeroluck-gg.b-cdn.net/7dso/SevenDeadlySins/Assets/Content/UIImg/Icon_Item/Weapon/sword2h_0305.png?class=iconmd,scraper_output/images/weapons/Drop.png,https://zeroluck.gg/7dso/weapons/pursuer-s-greatsword-2/
pursuer-s-grimoire-2,Drop,Pursuer's Grimoire,C,https://cdn-zeroluck-gg.b-cdn.net/7dso/SevenDeadlySins/Assets/Content/UIImg/Icon_Item/Weapon/Book_0305.png?class=iconmd,scraper_output/images/weapons/Drop.png,https://zeroluck.gg/7dso/weapons/pursuer-s-grimoire-2/
pursuer-s-lance-2,Drop,Pursuer's Lance,C,https://cdn-zeroluck-gg.b-cdn.net/7dso/SevenDeadlySins/Assets/Content/UIImg/Icon_Item/Weapon/lance_0305.png?class=iconmd,scraper_output/images/weapons/Drop.png,https://zeroluck.gg/7dso/weapons/pursuer-s-lance-2/
pursuer-s-longsword-2,Drop,Pursuer's Longsword,C,https://cdn-zeroluck-gg.b-cdn.net/7dso/SevenDeadlySins/Assets/Content/UIImg/Icon_Item/Weapon/sword1h_0305.png?class=iconmd,scraper_output/images/weapons/Drop.png,https://zeroluck.gg/7dso/weapons/pursuer-s-longsword-2/
pursuer-s-nunchaku-2,Drop,Pursuer's Nunchaku,C,https://cdn-zeroluck-gg.b-cdn.net/7dso/SevenDeadlySins/Assets/Content/UIImg/Icon_Item/Weapon/cudgel3c_0305.png?class=iconmd,scraper_output/images/weapons/Drop.png,https://zeroluck.gg/7dso/weapons/pursuer-s-nunchaku-2/
pursuer-s-rapier-2,Drop,Pursuer's Rapier,C,https://cdn-zeroluck-gg.b-cdn.net/7dso/SevenDeadlySins/Assets/Content/UIImg/Icon_Item/Weapon/rapier_0305.png?class=iconmd,scraper_output/images/weapons/Drop.png,https://zeroluck.gg/7dso/weapons/pursuer-s-rapier-2/
pursuer-s-staff-2,Drop,Pursuer's Staff,C,https://cdn-zeroluck-gg.b-cdn.net/7dso/SevenDeadlySins/Assets/Content/UIImg/Icon_Item/Weapon/Staff_0305.png?class=iconmd,scraper_output/images/weapons/Drop.png,https://zeroluck.gg/7dso/weapons/pursuer-s-staff-2/
pursuer-s-sword-and-shield-2,Drop,Pursuer's Sword and Shield,C,https://cdn-zeroluck-gg.b-cdn.net/7dso/SevenDeadlySins/Assets/Content/UIImg/Icon_Item/Weapon/shield_0305.png?class=iconmd,scraper_output/images/weapons/Drop.png,https://zeroluck.gg/7dso/weapons/pursuer-s-sword-and-shield-2/
pursuer-s-wand-2,Drop,Pursuer's Wand,C,https://cdn-zeroluck-gg.b-cdn.net/7dso/SevenDeadlySins/Assets/Content/UIImg/Icon_Item/Weapon/wand_0305.png?class=iconmd,scraper_output/images/weapons/Drop.png,https://zeroluck.gg/7dso/weapons/pursuer-s-wand-2/
adventurer-s-axe,Drop,Adventurer's Axe,N,https://cdn-zeroluck-gg.b-cdn.net/7dso/SevenDeadlySins/Assets/Content/UIImg/Icon_Item/Weapon/Axe_0101.png?class=iconmd,scraper_output/images/weapons/Drop.png,https://zeroluck.gg/7dso/weapons/adventurer-s-axe/
adventurer-s-dual-swords,Drop,Adventurer's Dual Swords,N,https://cdn-zeroluck-gg.b-cdn.net/7dso/SevenDeadlySins/Assets/Content/UIImg/Icon_Item/Weapon/swordDual_0101.png?class=iconmd,scraper_output/images/weapons/Drop.png,https://zeroluck.gg/7dso/weapons/adventurer-s-dual-swords/
adventurer-s-gauntlets,Drop,Adventurer's Gauntlets,N,https://cdn-zeroluck-gg.b-cdn.net/7dso/SevenDeadlySins/Assets/Content/UIImg/Icon_Item/Weapon/gauntlets_0101.png?class=iconmd,scraper_output/images/weapons/Drop.png,https://zeroluck.gg/7dso/weapons/adventurer-s-gauntlets/
adventurer-s-greatsword,Drop,Adventurer's Greatsword,N,https://cdn-zeroluck-gg.b-cdn.net/7dso/SevenDeadlySins/Assets/Content/UIImg/Icon_Item/Weapon/sword2H_0101.png?class=iconmd,scraper_output/images/weapons/Drop.png,https://zeroluck.gg/7dso/weapons/adventurer-s-greatsword/
adventurer-s-grimoire,Drop,Adventurer's Grimoire,N,https://cdn-zeroluck-gg.b-cdn.net/7dso/SevenDeadlySins/Assets/Content/UIImg/Icon_Item/Weapon/book_0101.png?class=iconmd,scraper_output/images/weapons/Drop.png,https://zeroluck.gg/7dso/weapons/adventurer-s-grimoire/
adventurer-s-lance,Drop,Adventurer's Lance,N,https://cdn-zeroluck-gg.b-cdn.net/7dso/SevenDeadlySins/Assets/Content/UIImg/Icon_Item/Weapon/lance_0101.png?class=iconmd,scraper_output/images/weapons/Drop.png,https://zeroluck.gg/7dso/weapons/adventurer-s-lance/
adventurer-s-longsword,Drop,Adventurer's Longsword,N,https://cdn-zeroluck-gg.b-cdn.net/7dso/SevenDeadlySins/Assets/Content/UIImg/Icon_Item/Weapon/sword1h_0101.png?class=iconmd,scraper_output/images/weapons/Drop.png,https://zeroluck.gg/7dso/weapons/adventurer-s-longsword/
adventurer-s-nunchaku,Drop,Adventurer's Nunchaku,N,https://cdn-zeroluck-gg.b-cdn.net/7dso/SevenDeadlySins/Assets/Content/UIImg/Icon_Item/Weapon/cudgel3c_0101.png?class=iconmd,scraper_output/images/weapons/Drop.png,https://zeroluck.gg/7dso/weapons/adventurer-s-nunchaku/
adventurer-s-rapier,Drop,Adventurer's Rapier,N,https://cdn-zeroluck-gg.b-cdn.net/7dso/SevenDeadlySins/Assets/Content/UIImg/Icon_Item/Weapon/rapier_0101.png?class=iconmd,scraper_output/images/weapons/Drop.png,https://zeroluck.gg/7dso/weapons/adventurer-s-rapier/
adventurer-s-staff,Drop,Adventurer's Staff,N,https://cdn-zeroluck-gg.b-cdn.net/7dso/SevenDeadlySins/Assets/Content/UIImg/Icon_Item/Weapon/staff_0101.png?class=iconmd,scraper_output/images/weapons/Drop.png,https://zeroluck.gg/7dso/weapons/adventurer-s-staff/
adventurer-s-sword-and-shield,Drop,Adventurer's Sword and Shield,N,https://cdn-zeroluck-gg.b-cdn.net/7dso/SevenDeadlySins/Assets/Content/UIImg/Icon_Item/Weapon/shield_0101.png?class=iconmd,scraper_output/images/weapons/Drop.png,https://zeroluck.gg/7dso/weapons/adventurer-s-sword-and-shield/
adventurer-s-wand,Drop,Adventurer's Wand,N,https://cdn-zeroluck-gg.b-cdn.net/7dso/SevenDeadlySins/Assets/Content/UIImg/Icon_Item/Weapon/wand_0101.png?class=iconmd,scraper_output/images/weapons/Drop.png,https://zeroluck.gg/7dso/weapons/adventurer-s-wand/
artisan-s-fine-axe,Drop,Artisan's Fine Axe,N,https://cdn-zeroluck-gg.b-cdn.net/7dso/SevenDeadlySins/Assets/Content/UIImg/Icon_Item/Weapon/Axe_0202.png?class=iconmd,scraper_output/images/weapons/Drop.png,https://zeroluck.gg/7dso/weapons/artisan-s-fine-axe/
artisan-s-fine-dual-swords,Drop,Artisan's Fine Dual Swords,N,https://cdn-zeroluck-gg.b-cdn.net/7dso/SevenDeadlySins/Assets/Content/UIImg/Icon_Item/Weapon/SwordDual_0202.png?class=iconmd,scraper_output/images/weapons/Drop.png,https://zeroluck.gg/7dso/weapons/artisan-s-fine-dual-swords/
artisan-s-fine-gauntlets,Drop,Artisan's Fine Gauntlets,N,https://cdn-zeroluck-gg.b-cdn.net/7dso/SevenDeadlySins/Assets/Content/UIImg/Icon_Item/Weapon/gauntlets_0202.png?class=iconmd,scraper_output/images/weapons/Drop.png,https://zeroluck.gg/7dso/weapons/artisan-s-fine-gauntlets/
artisan-s-fine-greatsword,Drop,Artisan's Fine Greatsword,N,https://cdn-zeroluck-gg.b-cdn.net/7dso/SevenDeadlySins/Assets/Content/UIImg/Icon_Item/Weapon/sword2h_0202.png?class=iconmd,scraper_output/images/weapons/Drop.png,https://zeroluck.gg/7dso/weapons/artisan-s-fine-greatsword/
artisan-s-fine-grimoire,Drop,Artisan's Fine Grimoire,N,https://cdn-zeroluck-gg.b-cdn.net/7dso/SevenDeadlySins/Assets/Content/UIImg/Icon_Item/Weapon/Book_0202.png?class=iconmd,scraper_output/images/weapons/Drop.png,https://zeroluck.gg/7dso/weapons/artisan-s-fine-grimoire/
artisan-s-fine-lance,Drop,Artisan's Fine Lance,N,https://cdn-zeroluck-gg.b-cdn.net/7dso/SevenDeadlySins/Assets/Content/UIImg/Icon_Item/Weapon/lance_0202.png?class=iconmd,scraper_output/images/weapons/Drop.png,https://zeroluck.gg/7dso/weapons/artisan-s-fine-lance/
artisan-s-fine-longsword,Drop,Artisan's Fine Longsword,N,https://cdn-zeroluck-gg.b-cdn.net/7dso/SevenDeadlySins/Assets/Content/UIImg/Icon_Item/Weapon/sword1h_0202.png?class=iconmd,scraper_output/images/weapons/Drop.png,https://zeroluck.gg/7dso/weapons/artisan-s-fine-longsword/
artisan-s-fine-nunchaku,Drop,Artisan's Fine Nunchaku,N,https://cdn-zeroluck-gg.b-cdn.net/7dso/SevenDeadlySins/Assets/Content/UIImg/Icon_Item/Weapon/cudgel3c_0202.png?class=iconmd,scraper_output/images/weapons/Drop.png,https://zeroluck.gg/7dso/weapons/artisan-s-fine-nunchaku/
artisan-s-fine-rapier,Drop,Artisan's Fine Rapier,N,https://cdn-zeroluck-gg.b-cdn.net/7dso/SevenDeadlySins/Assets/Content/UIImg/Icon_Item/Weapon/rapier_0202.png?class=iconmd,scraper_output/images/weapons/Drop.png,https://zeroluck.gg/7dso/weapons/artisan-s-fine-rapier/
artisan-s-fine-staff,Drop,Artisan's Fine Staff,N,https://cdn-zeroluck-gg.b-cdn.net/7dso/SevenDeadlySins/Assets/Content/UIImg/Icon_Item/Weapon/Staff_0202.png?class=iconmd,scraper_output/images/weapons/Drop.png,https://zeroluck.gg/7dso/weapons/artisan-s-fine-staff/
artisan-s-fine-sword-and-shield,Drop,Artisan's Fine Sword and Shield,N,https://cdn-zeroluck-gg.b-cdn.net/7dso/SevenDeadlySins/Assets/Content/UIImg/Icon_Item/Weapon/shield_0202.png?class=iconmd,scraper_output/images/weapons/Drop.png,https://zeroluck.gg/7dso/weapons/artisan-s-fine-sword-and-shield/
artisan-s-fine-wand,Drop,Artisan's Fine Wand,N,https://cdn-zeroluck-gg.b-cdn.net/7dso/SevenDeadlySins/Assets/Content/UIImg/Icon_Item/Weapon/wand_0202.png?class=iconmd,scraper_output/images/weapons/Drop.png,https://zeroluck.gg/7dso/weapons/artisan-s-fine-wand/
blessed-axe,Drop,Blessed Axe,N,https://cdn-zeroluck-gg.b-cdn.net/7dso/SevenDeadlySins/Assets/Content/UIImg/Icon_Item/Weapon/Axe_0303.png?class=iconmd,scraper_output/images/weapons/Drop.png,https://zeroluck.gg/7dso/weapons/blessed-axe/
blessed-dual-swords,Drop,Blessed Dual Swords,N,https://cdn-zeroluck-gg.b-cdn.net/7dso/SevenDeadlySins/Assets/Content/UIImg/Icon_Item/Weapon/SwordDual_0303.png?class=iconmd,scraper_output/images/weapons/Drop.png,https://zeroluck.gg/7dso/weapons/blessed-dual-swords/
blessed-gauntlets,Drop,Blessed Gauntlets,N,https://cdn-zeroluck-gg.b-cdn.net/7dso/SevenDeadlySins/Assets/Content/UIImg/Icon_Item/Weapon/gauntlets_0303.png?class=iconmd,scraper_output/images/weapons/Drop.png,https://zeroluck.gg/7dso/weapons/blessed-gauntlets/
blessed-greatsword,Drop,Blessed Greatsword,N,https://cdn-zeroluck-gg.b-cdn.net/7dso/SevenDeadlySins/Assets/Content/UIImg/Icon_Item/Weapon/sword2h_0303.png?class=iconmd,scraper_output/images/weapons/Drop.png,https://zeroluck.gg/7dso/weapons/blessed-greatsword/
blessed-grimoire,Drop,Blessed Grimoire,N,https://cdn-zeroluck-gg.b-cdn.net/7dso/SevenDeadlySins/Assets/Content/UIImg/Icon_Item/Weapon/Book_0303.png?class=iconmd,scraper_output/images/weapons/Drop.png,https://zeroluck.gg/7dso/weapons/blessed-grimoire/
blessed-lance,Drop,Blessed Lance,N,https://cdn-zeroluck-gg.b-cdn.net/7dso/SevenDeadlySins/Assets/Content/UIImg/Icon_Item/Weapon/lance_0303.png?class=iconmd,scraper_output/images/weapons/Drop.png,https://zeroluck.gg/7dso/weapons/blessed-lance/
blessed-longsword,Drop,Blessed Longsword,N,https://cdn-zeroluck-gg.b-cdn.net/7dso/SevenDeadlySins/Assets/Content/UIImg/Icon_Item/Weapon/sword1h_0303.png?class=iconmd,scraper_output/images/weapons/Drop.png,https://zeroluck.gg/7dso/weapons/blessed-longsword/
blessed-nunchaku,Drop,Blessed Nunchaku,N,https://cdn-zeroluck-gg.b-cdn.net/7dso/SevenDeadlySins/Assets/Content/UIImg/Icon_Item/Weapon/cudgel3c_0303.png?class=iconmd,scraper_output/images/weapons/Drop.png,https://zeroluck.gg/7dso/weapons/blessed-nunchaku/
blessed-rapier,Drop,Blessed Rapier,N,https://cdn-zeroluck-gg.b-cdn.net/7dso/SevenDeadlySins/Assets/Content/UIImg/Icon_Item/Weapon/rapier_0303.png?class=iconmd,scraper_output/images/weapons/Drop.png,https://zeroluck.gg/7dso/weapons/blessed-rapier/
blessed-staff,Drop,Blessed Staff,N,https://cdn-zeroluck-gg.b-cdn.net/7dso/SevenDeadlySins/Assets/Content/UIImg/Icon_Item/Weapon/Staff_0303.png?class=iconmd,scraper_output/images/weapons/Drop.png,https://zeroluck.gg/7dso/weapons/blessed-staff/
blessed-sword-and-shield,Drop,Blessed Sword and Shield,N,https://cdn-zeroluck-gg.b-cdn.net/7dso/SevenDeadlySins/Assets/Content/UIImg/Icon_Item/Weapon/shield_0303.png?class=iconmd,scraper_output/images/weapons/Drop.png,https://zeroluck.gg/7dso/weapons/blessed-sword-and-shield/
blessed-wand,Drop,Blessed Wand,N,https://cdn-zeroluck-gg.b-cdn.net/7dso/SevenDeadlySins/Assets/Content/UIImg/Icon_Item/Weapon/wand_0303.png?class=iconmd,scraper_output/images/weapons/Drop.png,https://zeroluck.gg/7dso/weapons/blessed-wand/
guardian-s-axe,Drop,Guardian's Axe,N,https://cdn-zeroluck-gg.b-cdn.net/7dso/SevenDeadlySins/Assets/Content/UIImg/Icon_Item/Weapon/Axe_0201.png?class=iconmd,scraper_output/images/weapons/Drop.png,https://zeroluck.gg/7dso/weapons/guardian-s-axe/
guardian-s-dual-swords,Drop,Guardian's Dual Swords,N,https://cdn-zeroluck-gg.b-cdn.net/7dso/SevenDeadlySins/Assets/Content/UIImg/Icon_Item/Weapon/SwordDual_0201.png?class=iconmd,scraper_output/images/weapons/Drop.png,https://zeroluck.gg/7dso/weapons/guardian-s-dual-swords/
guardian-s-gauntlets,Drop,Guardian's Gauntlets,N,https://cdn-zeroluck-gg.b-cdn.net/7dso/SevenDeadlySins/Assets/Content/UIImg/Icon_Item/Weapon/gauntlets_0201.png?class=iconmd,scraper_output/images/weapons/Drop.png,https://zeroluck.gg/7dso/weapons/guardian-s-gauntlets/
guardian-s-greatsword,Drop,Guardian's Greatsword,N,https://cdn-zeroluck-gg.b-cdn.net/7dso/SevenDeadlySins/Assets/Content/UIImg/Icon_Item/Weapon/sword2h_0201.png?class=iconmd,scraper_output/images/weapons/Drop.png,https://zeroluck.gg/7dso/weapons/guardian-s-greatsword/
guardian-s-grimoire,Drop,Guardian's Grimoire,N,https://cdn-zeroluck-gg.b-cdn.net/7dso/SevenDeadlySins/Assets/Content/UIImg/Icon_Item/Weapon/Book_0201.png?class=iconmd,scraper_output/images/weapons/Drop.png,https://zeroluck.gg/7dso/weapons/guardian-s-grimoire/
guardian-s-lance,Drop,Guardian's Lance,N,https://cdn-zeroluck-gg.b-cdn.net/7dso/SevenDeadlySins/Assets/Content/UIImg/Icon_Item/Weapon/lance_0201.png?class=iconmd,scraper_output/images/weapons/Drop.png,https://zeroluck.gg/7dso/weapons/guardian-s-lance/
guardian-s-longsword,Drop,Guardian's Longsword,N,https://cdn-zeroluck-gg.b-cdn.net/7dso/SevenDeadlySins/Assets/Content/UIImg/Icon_Item/Weapon/sword1h_0201.png?class=iconmd,scraper_output/images/weapons/Drop.png,https://zeroluck.gg/7dso/weapons/guardian-s-longsword/
guardian-s-nunchaku,Drop,Guardian's Nunchaku,N,https://cdn-zeroluck-gg.b-cdn.net/7dso/SevenDeadlySins/Assets/Content/UIImg/Icon_Item/Weapon/cudgel3c_0201.png?class=iconmd,scraper_output/images/weapons/Drop.png,https://zeroluck.gg/7dso/weapons/guardian-s-nunchaku/
guardian-s-rapier,Drop,Guardian's Rapier,N,https://cdn-zeroluck-gg.b-cdn.net/7dso/SevenDeadlySins/Assets/Content/UIImg/Icon_Item/Weapon/rapier_0201.png?class=iconmd,scraper_output/images/weapons/Drop.png,https://zeroluck.gg/7dso/weapons/guardian-s-rapier/
guardian-s-staff,Drop,Guardian's Staff,N,https://cdn-zeroluck-gg.b-cdn.net/7dso/SevenDeadlySins/Assets/Content/UIImg/Icon_Item/Weapon/Staff_0201.png?class=iconmd,scraper_output/images/weapons/Drop.png,https://zeroluck.gg/7dso/weapons/guardian-s-staff/
guardian-s-sword-and-shield,Drop,Guardian's Sword and Shield,N,https://cdn-zeroluck-gg.b-cdn.net/7dso/SevenDeadlySins/Assets/Content/UIImg/Icon_Item/Weapon/shield_0201.png?class=iconmd,scraper_output/images/weapons/Drop.png,https://zeroluck.gg/7dso/weapons/guardian-s-sword-and-shield/
guardian-s-wand,Drop,Guardian's Wand,N,https://cdn-zeroluck-gg.b-cdn.net/7dso/SevenDeadlySins/Assets/Content/UIImg/Icon_Item/Weapon/wand_0201.png?class=iconmd,scraper_output/images/weapons/Drop.png,https://zeroluck.gg/7dso/weapons/guardian-s-wand/
pursuer-s-axe,Drop,Pursuer's Axe,N,https://cdn-zeroluck-gg.b-cdn.net/7dso/SevenDeadlySins/Assets/Content/UIImg/Icon_Item/Weapon/Axe_0305.png?class=iconmd,scraper_output/images/weapons/Drop.png,https://zeroluck.gg/7dso/weapons/pursuer-s-axe/
pursuer-s-dual-swords,Drop,Pursuer's Dual Swords,N,https://cdn-zeroluck-gg.b-cdn.net/7dso/SevenDeadlySins/Assets/Content/UIImg/Icon_Item/Weapon/SwordDual_0305.png?class=iconmd,scraper_output/images/weapons/Drop.png,https://zeroluck.gg/7dso/weapons/pursuer-s-dual-swords/
pursuer-s-gauntlets,Drop,Pursuer's Gauntlets,N,https://cdn-zeroluck-gg.b-cdn.net/7dso/SevenDeadlySins/Assets/Content/UIImg/Icon_Item/Weapon/gauntlets_0305.png?class=iconmd,scraper_output/images/weapons/Drop.png,https://zeroluck.gg/7dso/weapons/pursuer-s-gauntlets/
pursuer-s-greatsword,Drop,Pursuer's Greatsword,N,https://cdn-zeroluck-gg.b-cdn.net/7dso/SevenDeadlySins/Assets/Content/UIImg/Icon_Item/Weapon/sword2h_0305.png?class=iconmd,scraper_output/images/weapons/Drop.png,https://zeroluck.gg/7dso/weapons/pursuer-s-greatsword/
pursuer-s-grimoire,Drop,Pursuer's Grimoire,N,https://cdn-zeroluck-gg.b-cdn.net/7dso/SevenDeadlySins/Assets/Content/UIImg/Icon_Item/Weapon/Book_0305.png?class=iconmd,scraper_output/images/weapons/Drop.png,https://zeroluck.gg/7dso/weapons/pursuer-s-grimoire/
pursuer-s-lance,Drop,Pursuer's Lance,N,https://cdn-zeroluck-gg.b-cdn.net/7dso/SevenDeadlySins/Assets/Content/UIImg/Icon_Item/Weapon/lance_0305.png?class=iconmd,scraper_output/images/weapons/Drop.png,https://zeroluck.gg/7dso/weapons/pursuer-s-lance/
pursuer-s-longsword,Drop,Pursuer's Longsword,N,https://cdn-zeroluck-gg.b-cdn.net/7dso/SevenDeadlySins/Assets/Content/UIImg/Icon_Item/Weapon/sword1h_0305.png?class=iconmd,scraper_output/images/weapons/Drop.png,https://zeroluck.gg/7dso/weapons/pursuer-s-longsword/
pursuer-s-nunchaku,Drop,Pursuer's Nunchaku,N,https://cdn-zeroluck-gg.b-cdn.net/7dso/SevenDeadlySins/Assets/Content/UIImg/Icon_Item/Weapon/cudgel3c_0305.png?class=iconmd,scraper_output/images/weapons/Drop.png,https://zeroluck.gg/7dso/weapons/pursuer-s-nunchaku/
pursuer-s-rapier,Drop,Pursuer's Rapier,N,https://cdn-zeroluck-gg.b-cdn.net/7dso/SevenDeadlySins/Assets/Content/UIImg/Icon_Item/Weapon/rapier_0305.png?class=iconmd,scraper_output/images/weapons/Drop.png,https://zeroluck.gg/7dso/weapons/pursuer-s-rapier/
pursuer-s-staff,Drop,Pursuer's Staff,N,https://cdn-zeroluck-gg.b-cdn.net/7dso/SevenDeadlySins/Assets/Content/UIImg/Icon_Item/Weapon/Staff_0305.png?class=iconmd,scraper_output/images/weapons/Drop.png,https://zeroluck.gg/7dso/weapons/pursuer-s-staff/
pursuer-s-sword-and-shield,Drop,Pursuer's Sword and Shield,N,https://cdn-zeroluck-gg.b-cdn.net/7dso/SevenDeadlySins/Assets/Content/UIImg/Icon_Item/Weapon/shield_0305.png?class=iconmd,scraper_output/images/weapons/Drop.png,https://zeroluck.gg/7dso/weapons/pursuer-s-sword-and-shield/
pursuer-s-wand,Drop,Pursuer's Wand,N,https://cdn-zeroluck-gg.b-cdn.net/7dso/SevenDeadlySins/Assets/Content/UIImg/Icon_Item/Weapon/wand_0305.png?class=iconmd,scraper_output/images/weapons/Drop.png,https://zeroluck.gg/7dso/weapons/pursuer-s-wand/
